,Localitate,Categorie
Siruta,,
1017,Municipiul Alba Iulia,Femei_18-24
1071,Ciugud,Barbati_18-24
1151,Oras Abrud,Femei_18-24
1213,Municipiul Aiud,Femei_18-24
1348,Municipiul Blaj,Femei_18-24
1455,Oras Campeni,Femei_18-24
1696,Oras Cugir,Femei_18-24
1794,Oras Ocna Mures,Femei_18-24
1874,Municipiul Sebes,Femei_18-24
1936,Oras Zlatna,Femei_18-24
2130,Albac,Femei_18-24
2309,Almasu Mare,Femei_18-24
2381,Arieseni,Barbati_18-24
2577,Avram Iancu,Femei_18-24
2915,Oras Baia De Aries,Femei_18-24
2988,Berghin,Femei_18-24
3039,Bistra,Barbati_25-34
3397,Blandiana,Femei_18-24
3459,Bucium,Femei_18-24
3761,Cenade,Femei_18-24
3805,Cergau,Barbati_18-24
3841,Ceru-Bacainti,Femei_18-24
3958,Cetatea De Balta,Barbati_18-24
4008,Ciuruleasa,Femei_18-24
4106,Calnic,Femei_18-24
4142,Cricau,Femei_18-24
4188,Craciunelu De Jos,Femei_18-24
4240,Daia Romana,Femei_18-24
4268,Dostat,Femei_18-24
4302,Farau,Femei_25-34
4366,Galda De Jos,Femei_18-24
4482,Garbova,Femei_18-24
4525,Garda De Sus,Femei_18-24
4703,Hoparta,Barbati_18-24
4767,Horea,Femei_18-24
4927,Ighiu,Barbati_18-24
4981,Intregalde,Femei_25-34
5103,Jidvei,Femei_18-24
5167,Livezile,Femei_18-24
5210,Lopadea Noua,Femei_18-24
5309,Lunca Muresului,Femei_18-24
5336,Lupsa,Barbati_18-24
5577,Metes,Femei_18-24
5700,Mihalt,Femei_18-24
5755,Miraslau,Barbati_18-24
5826,Mogos,Barbati_18-24
6048,Noslac,Femei_18-24
6119,Ocolis,Femei_18-24
6164,Ohaba,Femei_35-44
6217,Pianu,Femei_18-24
6271,Poiana Vadului,Femei_18-24
6397,Ponor,Femei_18-24
6468,Posaga,Barbati_25-34
6547,Radesti,Femei_18-24
6592,Rametea,Femei_25-34
6627,Ramet,Barbati_18-24
6761,Rosia Montana,Femei_18-24
6930,Rosia De Secas,Femei_25-34
6976,Salciua,Femei_18-24
7044,Salistea,Femei_18-24
7099,Sasciori,Femei_65_
7197,Scarisoara,Barbati_18-24
7348,Sancel,Barbati_35-44
7384,Santimbru,Femei_18-24
7446,Sohodol,Femei_18-24
7767,Stremt,Femei_18-24
7810,Sibot,Femei_18-24
7865,Sona,Femei_18-24
7945,Spring,Barbati_18-24
8014,Sugag,Femei_18-24
8096,Oras Teius,Femei_18-24
8158,Unirea,Barbati_18-24
8229,Vadu Motilor,Femei_18-24
8354,Valea Lunga,Femei_18-24
8425,Vidra,Barbati_18-24
8826,Vintu De Jos,Femei_18-24
9019,Cut,Femei_18-24
9026,Bucerdea Granoasa,Femei_18-24
9262,Municipiul Arad,Femei_18-24
9280,Fantanele,Barbati_18-24
9333,Livada,Femei_18-24
9360,Sofronea,Femei_18-24
9397,Vladimirescu,Femei_18-24
9459,Oras Chisineu-Cris,Barbati_18-24
9495,Oras Curtici,Barbati_18-24
9538,Oras Ineu,Femei_18-24
9574,Oras Lipova,Femei_18-24
9627,Oras Nadlac,Femei_18-24
9654,Oras Pancota,Femei_18-24
9690,Oras Sebis,Femei_18-24
9743,Almas,Femei_18-24
9798,Apateu,Femei_18-24
9832,Archis,Femei_18-24
9887,Bata,Femei_18-24
9930,Beliu,Femei_18-24
10006,Birchis,Barbati_18-24
10051,Barsa,Femei_18-24
10104,Barzava,Femei_18-24
10195,Bocsig,Femei_18-24
10239,Brazii,Femei_25-34
10293,Buteni,Femei_18-24
10346,Carand,Barbati_18-24
10373,Cermei,Barbati_18-24
10417,Chisindia,Femei_18-24
10453,Conop,Barbati_18-24
10514,Covasint,Femei_18-24
10532,Craiva,Femei_18-24
10649,Dezna,Barbati_18-24
10701,Dieci,Femei_18-24
10765,Ususau,Femei_18-24
10827,Felnac,Femei_18-24
10872,Ghioroc,Barbati_18-24
10916,Graniceri,Femei_18-24
10943,Gurahont,Barbati_18-24
11058,Halmagiu,Femei_18-24
11174,Halmagel,Femei_18-24
11236,Hasmas,Femei_18-24
11307,Ignesti,Barbati_18-24
11352,Iratosu,Femei_18-24
11398,Macea,Femei_18-24
11423,Misca,Femei_18-24
11478,Moneasa,Femei_25-34
11502,Olari,Barbati_18-24
11539,Paulis,Barbati_18-24
11584,Oras Pecica,Femei_18-24
11637,Peregu Mare,Femei_18-24
11664,Petris,Femei_18-24
11735,Pilu,Barbati_65_
11762,Plescuta,Femei_18-24
11842,Savarsin,Femei_18-24
11940,Secusigiu,Femei_18-24
11995,Seleus,Femei_18-24
12037,Semlac,Femei_18-24
12055,Sintea Mare,Femei_18-24
12091,Oras Santana,Barbati_18-24
12126,Socodor,Femei_18-24
12144,Sagu,Femei_18-24
12206,Seitin,Femei_18-24
12224,Sepreus,Barbati_18-24
12242,Sicula,Femei_18-24
12288,Silindia,Femei_18-24
12340,Simand,Femei_65_
12368,Siria,Femei_18-24
12402,Sistarovat,Femei_25-34
12457,Taut,Femei_18-24
12509,Tarnova,Femei_18-24
12572,Varadia De Mures,Barbati_18-24
12643,Vinga,Barbati_18-24
12689,Varfurile,Femei_18-24
12778,Zabrani,Femei_18-24
12812,Zarand,Femei_18-24
12849,Zerind,Femei_25-34
12876,Zimandu Nou,Femei_18-24
12912,Dorobanti,Femei_18-24
12920,Frumuseni,Femei_18-24
12938,Zadareni,Femei_18-24
13169,Municipiul Pitesti,Femei_18-24
13187,Bascov,Femei_18-24
13276,Bradu,Femei_18-24
13301,Oras Mioveni,Femei_18-24
13365,Maracineni,Femei_18-24
13392,Oras Stefanesti,Femei_18-24
13490,Municipiul Campulung,Femei_18-24
13524,Valea Mare Pravat,Barbati_18-24
13622,Municipiul Curtea De Arges,Femei_18-24
13668,Oras Costesti,Femei_18-24
13757,Oras Topoloveni,Barbati_18-24
13819,Albestii De Arges,Femei_18-24
13891,Albestii De Muscel,Femei_18-24
13935,Albota,Femei_18-24
13999,Aninoasa,Femei_18-24
14049,Arefu,Femei_25-34
14085,Babana,Femei_18-24
14165,Baiculesti,Femei_18-24
14272,Balilesti,Femei_18-24
14352,Beleti-Negresti,Barbati_18-24
14405,Berevoesti,Barbati_18-24
14450,Barla,Femei_18-24
14584,Bogati,Barbati_18-24
14673,Boteni,Femei_18-24
14726,Botesti,Femei_18-24
14753,Bradulet,Barbati_18-24
14851,Budeasa,Femei_18-24
14922,Bughea De Jos,Femei_18-24
14940,Buzoesti,Femei_18-24
15064,Caldararu,Femei_18-24
15108,Calinesti,Barbati_18-24
15233,Cateasca,Femei_25-34
15313,Cepari,Femei_18-24
15402,Cetateni,Femei_18-24
15448,Cicanesti,Femei_18-24
15493,Ciofrangeni,Femei_18-24
15554,Ciomagesti,Femei_18-24
15652,Cocu,Femei_18-24
15741,Corbeni,Femei_18-24
15830,Corbi,Barbati_18-24
15901,Cosesti,Femei_18-24
15983,Cotmeana,Femei_18-24
16132,Cuca,Femei_18-24
16285,Davidesti,Barbati_18-24
16329,Dambovicioara,Femei_18-24
16365,Darmanesti,Femei_18-24
16427,Dobresti,Femei_18-24
16454,Domnesti,Barbati_18-24
16472,Dragoslavele,Femei_18-24
16506,Draganu,Femei_18-24
16551,Godeni,Femei_18-24
16613,Harsesti,Barbati_18-24
16659,Hartiesti,Femei_18-24
16739,Izvoru,Femei_25-34
16757,Leordeni,Barbati_18-24
16908,Leresti,Femei_18-24
16944,Lunca Corbului,Barbati_18-24
17049,Malureni,Femei_18-24
17101,Merisani,Barbati_18-24
17209,Micesti,Femei_18-24
17254,Mihaesti,Femei_18-24
17334,Mioarele,Barbati_18-24
17398,Mirosi,Femei_18-24
17423,Moraresti,Barbati_18-24
17496,Mosoaia,Femei_18-24
17575,Mozaceni,Femei_18-24
17619,Musatesti,Barbati_18-24
17726,Negrasi,Femei_25-34
17771,Nucsoara,Femei_18-24
17824,Oarja,Femei_18-24
17851,Pietrosani,Femei_18-24
17913,Poienarii De Arges,Femei_18-24
17968,Poienarii De Muscel,Femei_18-24
18028,Poiana Lacului,Barbati_18-24
18162,Popesti,Femei_25-34
18242,Priboieni,Femei_18-24
18331,Ratesti,Femei_18-24
18411,Recea,Femei_18-24
18475,Rociu,Femei_18-24
18527,Rucar,Barbati_18-24
18554,Salatrucu,Femei_18-24
18581,Sapata,Femei_18-24
18670,Schitu Golesti,Femei_18-24
18741,Slobozia,Femei_18-24
18778,Stalpeni,Barbati_18-24
18858,Stoenesti,Femei_18-24
18938,Stolnici,Femei_18-24
19007,Suseni,Barbati_18-24
19114,Stefan Cel Mare,Femei_18-24
19141,Suici,Barbati_18-24
19212,Teiu,Barbati_18-24
19249,Tigveni,Femei_18-24
19338,Titesti,Femei_18-24
19392,Uda,Femei_18-24
19560,Ungheni,Femei_18-24
19631,Valea Danului,Barbati_18-24
19695,Valea Iasului,Femei_18-24
19793,Vedea,Femei_18-24
19999,Vladesti,Femei_18-24
20048,Raca,Femei_18-24
20055,Vulturesti,Femei_18-24
20063,Bughea De Sus,Femei_18-24
20297,Municipiul Bacau,Femei_18-24
20313,Hemeius,Barbati_18-24
20359,Letea Veche,Femei_18-24
20411,Magura,Femei_18-24
20466,Margineni,Femei_18-24
20563,Municipiul Onesti,Femei_18-24
20607,Gura Vaii,Barbati_18-24
20670,Stefan Cel Mare,Femei_18-24
20778,Oras Buhusi,Femei_18-24
20821,Oras Comanesti,Femei_18-24
20876,Municipiul Moinesti,Femei_18-24
20910,Oras Slanic-Moldova,Barbati_18-24
20965,Oras Targu Ocna,Femei_18-24
21007,Agas,Femei_18-24
21098,Ardeoani,Femei_18-24
21123,Asau,Femei_18-24
21196,Balcani,Barbati_25-34
21249,Beresti-Bistrita,Femei_18-24
21338,Beresti-Tazlau,Femei_18-24
21418,Berzunti,Femei_18-24
21454,Barsanesti,Femei_18-24
21506,Blagesti,Femei_18-24
21560,Bogdanesti,Femei_18-24
21597,Brusturoasa,Barbati_18-24
21668,Buhoci,Femei_25-34
21720,Casin,Femei_18-24
21757,Caiuti,Barbati_18-24
21855,Cleja,Femei_25-34
21891,Colonesti,Femei_18-24
21971,Corbasca,Femei_25-34
22059,Cotofanesti,Femei_18-24
22111,Damienesti,Femei_25-34
22166,Oras Darmanesti,Femei_18-24
22237,Dealu Morii,Femei_18-24
22380,Dofteana,Femei_18-24
22460,Faraoani,Femei_25-34
22488,Filipeni,Femei_25-34
22576,Filipesti,Femei_18-24
22665,Gaiceana,Barbati_18-24
22718,Ghimes-Faget,Barbati_18-24
22781,Garleni,Barbati_25-34
22834,Glavanesti,Femei_18-24
22898,Helegiu,Femei_25-34
22941,Horgesti,Femei_18-24
23047,Huruiesti,Femei_18-24
23127,Izvoru Berheciului,Barbati_18-24
23207,Lipova,Femei_18-24
23289,Livezi,Femei_18-24
23350,Luizi-Calugara,Femei_25-34
23387,Magiresti,Femei_18-24
23449,Manastirea Casin,Femei_18-24
23494,Motoseni,Barbati_18-24
23644,Negri,Barbati_18-24
23715,Nicolae Balcescu,Femei_25-34
23797,Oituz,Femei_18-24
23868,Oncesti,Femei_18-24
23948,Orbeni,Femei_18-24
23975,Palanca,Femei_18-24
24034,Parava,Barbati_18-24
24089,Parincea,Barbati_18-24
24187,Pancesti,Barbati_18-24
24276,Pargaresti,Barbati_25-34
24338,Parjol,Barbati_18-24
24427,Plopana,Femei_18-24
24524,Podu Turcului,Barbati_18-24
24631,Poduri,Femei_18-24
24711,Racova,Femei_18-24
24766,Racaciuni,Femei_25-34
24837,Rachitoasa,Barbati_18-24
24999,Rosiori,Barbati_18-24
25068,Sascut,Femei_18-24
25148,Sanduleni,Femei_18-24
25228,Saucesti,Femei_18-24
25291,Scorteni,Femei_25-34
25362,Secuieni,Femei_25-34
25488,Solont,Femei_25-34
25521,Stanisesti,Femei_18-24
25629,Strugari,Femei_18-24
25692,Tamasi,Barbati_18-24
25745,Tatarasti,Femei_18-24
25825,Targu Trotus,Femei_18-24
25861,Traian,Femei_18-24
25932,Ungureni,Femei_18-24
26029,Urechesti,Femei_18-24
26083,Valea Seaca,Femei_18-24
26118,Vultureni,Femei_18-24
26289,Zemes,Femei_25-34
26320,Sarata,Femei_18-24
26338,Buciumi,Femei_18-24
26346,Gioseni,Femei_18-24
26353,Odobesti,Femei_25-34
26361,Prajesti,Barbati_25-34
26379,Itesti,Femei_18-24
26564,Municipiul Oradea,Femei_18-24
26582,Sanmartin,Femei_18-24
26653,Santandrei,Barbati_18-24
26699,Oras Alesd,Femei_18-24
26742,Astileu,Femei_18-24
26804,Municipiul Beius,Femei_18-24
26840,Oras Stei,Femei_18-24
26877,Municipiul Marghita,Femei_18-24
26920,Oras Nucet,Barbati_18-24
26975,Municipiul Salonta,Femei_18-24
27007,Oras Vascau,Femei_18-24
27070,Abram,Femei_18-24
27169,Abramut,Barbati_18-24
27212,Auseu,Barbati_18-24
27285,Avram Iancu,Femei_18-24
27329,Balc,Femei_18-24
27383,Batar,Femei_18-24
27436,Biharia,Femei_18-24
27506,Boianu Mare,Femei_18-24
27560,Borod,Barbati_18-24
27631,Bors,Femei_18-24
27686,Bratca,Femei_18-24
27757,Brusturi,Femei_18-24
27846,Budureasa,Femei_18-24
27908,Buduslau,Femei_18-24
27935,Bulz,Femei_18-24
27971,Buntesti,Femei_18-24
28077,Cabesti,Barbati_18-24
28139,Capalna,Femei_18-24
28193,Carpinet,Barbati_18-24
28246,Cefa,Femei_18-24
28335,Ceica,Barbati_18-24
28415,Cetariu,Femei_18-24
28497,Cherechiu,Femei_18-24
28530,Chislaz,Barbati_18-24
28610,Ciuhoi,Femei_25-34
28665,Ciumeghiu,Femei_18-24
28709,Campani,Femei_18-24
28763,Cociuba Mare,Femei_18-24
28816,Copacel,Barbati_18-24
28889,Cristioru De Jos,Femei_18-24
28941,Curatele,Femei_18-24
29001,Curtuiseni,Barbati_65_
29038,Derna,Barbati_18-24
29092,Diosig,Femei_18-24
29154,Dobresti,Femei_18-24
29243,Draganesti,Femei_25-34
29341,Dragesti,Femei_65_
29403,Finis,Femei_18-24
29467,Girisu De Cris,Femei_18-24
29519,Hidiselu De Sus,Femei_18-24
29573,Holod,Femei_18-24
29662,Husasau De Tinca,Femei_18-24
29724,Ineu,Femei_65_
29760,Lazuri De Beius,Femei_18-24
29813,Lazareni,Femei_18-24
29902,Lugasu De Jos,Barbati_18-24
29948,Lunca,Femei_18-24
30014,Madaras,Femei_18-24
30069,Magesti,Barbati_18-24
30149,Nojorid,Barbati_18-24
30229,Olcea,Femei_18-24
30274,Osorhei,Barbati_18-24
30336,Pietroasa,Femei_18-24
30416,Pocola,Barbati_18-24
30470,Pomezeu,Femei_18-24
30568,Popesti,Femei_18-24
30648,Rabagani,Femei_18-24
30719,Remetea,Femei_18-24
30773,Rieni,Femei_18-24
30844,Rosia,Barbati_18-24
30871,Sacadat,Femei_25-34
30915,Oras Sacueni,Femei_18-24
30988,Salacea,Barbati_18-24
31011,Salard,Femei_18-24
31057,Sambata,Femei_25-34
31128,Sarbi,Barbati_18-24
31208,Spinus,Femei_18-24
31262,Suplacu De Barcau,Femei_18-24
31333,Simian,Femei_18-24
31379,Sinteu,Femei_18-24
31422,Soimi,Barbati_18-24
31510,Suncuius,Femei_25-34
31565,Tarcea,Femei_18-24
31609,Tarcaia,Barbati_18-24
31654,Tauteu,Femei_18-24
31716,Tileagd,Femei_18-24
31789,Tinca,Femei_18-24
31841,Tulca,Femei_18-24
31878,Tetchea,Barbati_18-24
31921,Uileacu De Beius,Barbati_18-24
31976,Vadu Crisului,Barbati_18-24
32027,Oras Valea Lui Mihai,Barbati_18-24
32045,Viisoara,Femei_25-34
32090,Varciorog,Femei_18-24
32153,Tamaseu,Barbati_18-24
32161,Paleu,Femei_18-24
32179,Sannicolau Roman,Femei_18-24
32187,Rosiori,Femei_18-24
32195,Gepiu,Femei_18-24
32201,Toboliu,Femei_18-24
32394,Municipiul Bistrita,Femei_18-24
32483,Oras Beclean,Barbati_18-24
32544,Oras Nasaud,Femei_18-24
32599,Oras Sangeorz-Bai,Barbati_18-24
32633,Bistrita Bargaului,Barbati_18-24
32660,Branistea,Femei_18-24
32704,Budacu De Jos,Barbati_18-24
32768,Budesti,Femei_18-24
32811,Caianu Mic,Femei_18-24
32884,Cetate,Femei_18-24
32955,Ciceu-Giurgesti,Barbati_18-24
33015,Chiochis,Femei_18-24
33122,Chiuza,Femei_25-34
33177,Cosbuc,Barbati_18-24
33202,Dumitra,Barbati_18-24
33248,Feldru,Femei_18-24
33275,Galatii Bistritei,Femei_25-34
33337,Ilva Mare,Barbati_18-24
33364,Ilva Mica,Barbati_18-24
33382,Josenii Bargaului,Barbati_18-24
33435,Lechinta,Femei_18-24
33514,Lesu,Femei_18-24
33541,Livezile,Barbati_18-24
33603,Lunca Ilvei,Femei_25-34
33621,Maieru,Barbati_18-24
33658,Matei,Femei_18-24
33729,Magura Ilvei,Barbati_18-24
33765,Mariselu,Barbati_18-24
33845,Micestii De Campie,Femei_18-24
33881,Milas,Femei_25-34
33952,Monor,Femei_18-24
33989,Nimigea,Barbati_18-24
34075,Nuseni,Femei_18-24
34155,Parva,Barbati_18-24
34173,Petru Rares,Femei_18-24
34235,Prundu Bargaului,Femei_18-24
34262,Rebra,Barbati_18-24
34280,Rebrisoara,Barbati_18-24
34333,Rodna,Femei_18-24
34360,Romuli,Femei_18-24
34397,Salva,Femei_18-24
34422,Silivasu De Campie,Barbati_18-24
34477,Sanmihaiu De Campie,Barbati_18-24
34547,Spermezeu,Barbati_18-24
34618,Sant,Femei_18-24
34645,Sieu,Barbati_18-24
34690,Sieu-Magherus,Barbati_18-24
34770,Sieu-Odorhei,Femei_18-24
34850,Sieut,Barbati_18-24
34903,Sintereag,Femei_18-24
34985,Teaca,Barbati_18-24
35054,Telciu,Femei_18-24
35090,Tiha Bargaului,Barbati_18-24
35152,Tarlisua,Femei_18-24
35269,Uriu,Femei_18-24
35312,Urmenis,Femei_18-24
35429,Zagra,Femei_18-24
35731,Municipiul Botosani,Femei_18-24
35759,Curtesti,Femei_18-24
35839,Rachiti,Femei_18-24
35884,Stauceni,Femei_18-24
35946,Oras Darabani,Femei_18-24
36006,Municipiul Dorohoi,Femei_18-24
36060,Oras Saveni,Femei_25-34
36131,Albesti,Femei_25-34
36202,Avrameni,Barbati_25-34
36300,Baluseni,Barbati_18-24
36373,Braesti,Femei_18-24
36426,Broscauti,Femei_18-24
36453,Oras Bucecea,Barbati_18-24
36499,Calarasi,Femei_18-24
36532,Concesti,Femei_18-24
36569,Copalau,Femei_18-24
36649,Cordareni,Femei_25-34
36676,Corlateni,Femei_25-34
36756,Corni,Femei_18-24
36809,Cotusca,Femei_18-24
36907,Cristesti,Femei_18-24
36952,Cristinesti,Femei_18-24
37011,Dersca,Femei_18-24
37057,Dangeni,Barbati_18-24
37100,Dobarceni,Barbati_25-34
37173,Draguseni,Femei_18-24
37217,Durnesti,Femei_18-24
37280,Oras Flamanzi,Barbati_18-24
37324,Frumusica,Femei_18-24
37397,George Enescu,Femei_18-24
37459,Gorbanesti,Femei_18-24
37547,Havarna,Barbati_25-34
37618,Hanesti,Femei_18-24
37672,Hiliseu-Horia,Barbati_18-24
37734,Hlipiceni,Femei_25-34
37770,Hudesti,Femei_18-24
37823,Ibanesti,Femei_18-24
37850,Leorda,Femei_18-24
37912,Lunca,Femei_18-24
37958,Manoleasa,Barbati_18-24
38063,Mihai Eminescu,Femei_18-24
38161,Mihaileni,Femei_18-24
38241,Mihalaseni,Barbati_18-24
38321,Mileanca,Barbati_18-24
38376,Mitoc,Femei_25-34
38456,Nicseni,Barbati_18-24
38492,Paltinis,Femei_25-34
38544,Pomarla,Barbati_18-24
38580,Prajeni,Femei_18-24
38633,Radauti-Prut,Femei_18-24
38679,Rauseni,Barbati_18-24
38731,Ripiceni,Femei_18-24
38811,Roma,Femei_18-24
38848,Romanesti,Femei_25-34
38893,Santa Mare,Femei_18-24
38982,Suharau,Femei_18-24
39051,Sulita,Femei_18-24
39122,Sendriceni,Femei_18-24
39168,Oras Stefanesti,Femei_18-24
39220,Stiubieni,Femei_18-24
39266,Todireni,Femei_18-24
39328,Trusesti,Femei_25-34
39391,Tudora,Barbati_18-24
39417,Ungureni,Femei_18-24
39532,Unteni,Femei_18-24
39612,Vaculesti,Barbati_18-24
39658,Viisoara,Femei_18-24
39694,Varfu Campului,Barbati_18-24
39738,Vladeni,Femei_18-24
39792,Vlasinesti,Femei_25-34
39836,Vorniceni,Femei_18-24
39872,Vorona,Barbati_18-24
39942,Lozna,Femei_18-24
39959,Dimacheni,Femei_18-24
39967,Candesti,Femei_18-24
39975,Cosula,Barbati_18-24
39983,Blandesti,Barbati_18-24
40035,Adaseni,Femei_18-24
40198,Municipiul Brasov,Femei_18-24
40214,Oras Ghimbav,Femei_18-24
40241,Municipiul Codlea,Femei_18-24
40278,Municipiul Fagaras,Femei_18-24
40303,Oras Predeal,Femei_18-24
40367,Oras Rasnov,Barbati_18-24
40394,Oras Rupea,Femei_18-24
40438,Municipiul Sacele,Femei_18-24
40465,Oras Victoria,Femei_18-24
40492,Oras Zarnesti,Femei_18-24
40526,Apata,Femei_18-24
40544,Beclean,Femei_18-24
40606,Bod,Femei_18-24
40633,Bran,Femei_18-24
40688,Budila,Femei_65_
40704,Bunesti,Femei_18-24
40768,Cata,Femei_18-24
40820,Cincu,Femei_18-24
40857,Comana,Barbati_18-24
40900,Cristian,Femei_18-24
40928,Dumbravita,Barbati_18-24
40955,Feldioara,Femei_18-24
40991,Fundata,Femei_18-24
41033,Halchiu,Barbati_18-24
41088,Harman,Femei_18-24
41113,Harseni,Femei_18-24
41177,Hoghiz,Barbati_18-24
41248,Homorod,Femei_18-24
41284,Jibert,Barbati_18-24
41346,Lisa,Femei_18-24
41382,Maierus,Femei_18-24
41417,Mandra,Femei_18-24
41471,Moieciu,Femei_18-24
41541,Ormenis,Femei_18-24
41578,Parau,Barbati_18-24
41621,Poiana Marului,Femei_18-24
41667,Prejmer,Femei_18-24
41701,Racos,Femei_18-24
41738,Recea,Femei_18-24
41818,Sercaia,Femei_18-24
41854,Sinca,Femei_18-24
41925,Sanpetru,Barbati_18-24
41943,Soars,Barbati_18-24
42003,Tarlungeni,Barbati_18-24
42058,Teliu,Femei_18-24
42076,Ticusu,Femei_18-24
42101,Ucea,Femei_18-24
42156,Ungra,Femei_18-24
42183,Vama Buzaului,Femei_18-24
42236,Vistea,Femei_18-24
42307,Voila,Femei_18-24
42398,Vulcan,Femei_18-24
42449,Sinca Noua,Femei_18-24
42456,Crizbav,Barbati_18-24
42464,Sambata De Sus,Femei_18-24
42472,Holbav,Femei_18-24
42480,Dragus,Barbati_18-24
42498,Augustin,Barbati_18-24
42682,Municipiul Braila,Femei_18-24
42708,Chiscani,Femei_18-24
42753,Oras Faurei,Femei_18-24
42771,Surdila-Greci,Femei_18-24
42824,Baraganul,Femei_18-24
42842,Bertestii De Jos,Femei_18-24
42913,Bordei Verde,Femei_18-24
42968,Ciocile,Femei_18-24
43019,Ciresu,Femei_18-24
43073,Dudesti,Femei_18-24
43117,Frecatei,Femei_18-24
43180,Galbenu,Barbati_18-24
43242,Gemenele,Barbati_18-24
43279,Gradistea,Barbati_35-44
43313,Gropeni,Femei_18-24
43331,Oras Ianca,Femei_18-24
43411,Oras Insuratei,Femei_18-24
43466,Jirlau,Barbati_18-24
43493,Marasu,Barbati_18-24
43563,Maxineni,Barbati_18-24
43625,Mircea Voda,Barbati_18-24
43652,Movila Miresii,Femei_18-24
43698,Racovita,Femei_18-24
43732,Ramnicelu,Femei_18-24
43787,Romanu,Barbati_25-34
43812,Rosiori,Barbati_18-24
43867,Salcia Tudor,Femei_18-24
43929,Scortaru Nou,Barbati_18-24
43992,Silistea,Barbati_18-24
44060,Stancuta,Femei_18-24
44113,Surdila-Gaiseanca,Femei_18-24
44140,Sutesti,Femei_18-24
44177,Tichilesti,Femei_18-24
44202,Traian,Femei_18-24
44257,Tudor Vladimirescu,Femei_18-24
44300,Tufesti,Femei_18-24
44328,Ulmu,Femei_18-24
44355,Unirea,Femei_18-24
44391,Vadeni,Barbati_18-24
44435,Victoria,Femei_18-24
44462,Visani,Femei_18-24
44505,Viziru,Femei_18-24
44532,Zavoaia,Femei_18-24
44560,Cazasu,Barbati_18-24
44818,Municipiul Buzau,Femei_18-24
44845,Municipiul Ramnicu Sarat,Femei_18-24
44863,Amaru,Barbati_18-24
44934,Balta Alba,Femei_18-24
44989,Balaceanu,Femei_25-34
45003,Beceni,Femei_18-24
45101,Berca,Femei_18-24
45245,Bisoca,Femei_18-24
45334,Blajani,Femei_18-24
45361,Boldu,Femei_18-24
45389,Bozioru,Femei_25-34
45496,Bradeanu,Femei_18-24
45539,Braesti,Femei_18-24
45619,Breaza,Femei_18-24
45673,Buda,Femei_18-24
45753,Calvini,Femei_18-24
45815,C.a. Rosetti,Femei_18-24
45888,Canesti,Barbati_18-24
45959,Catina,Femei_18-24
46019,Cernatesti,Femei_18-24
46108,Chiliile,Femei_18-24
46180,Chiojdu,Femei_18-24
46251,Cilibia,Barbati_18-24
46313,Cislau,Barbati_18-24
46377,Cochirleanca,Femei_25-34
46439,Colti,Femei_25-34
46484,Costesti,Femei_18-24
46554,Cozieni,Femei_18-24
46769,Galbinasi,Femei_18-24
46803,Gheraseni,Femei_25-34
46830,Ghergheasa,Femei_18-24
46867,Glodeanu Sarat,Femei_18-24
46910,Glodeanu-Silistea,Femei_18-24
47006,Grebanu,Femei_18-24
47079,Gura Teghii,Femei_18-24
47159,Largu,Femei_18-24
47186,Lopatari,Femei_18-24
47300,Luciu,Femei_18-24
47337,Magura,Barbati_18-24
47373,Maracineni,Femei_18-24
47417,Margaritesti,Femei_18-24
47453,Merei,Femei_18-24
47578,Mihailesti,Femei_18-24
47630,Manzalesti,Femei_18-24
47774,Movila Banului,Femei_18-24
47818,Murgesti,Femei_18-24
47854,Naeni,Femei_25-34
47916,Oras Nehoiu,Femei_18-24
48021,Odaile,Femei_25-34
48138,Padina,Femei_25-34
48165,Pardosi,Femei_18-24
48227,Panatau,Barbati_18-24
48325,Oras Patarlagele,Femei_18-24
48487,Pietroasele,Femei_18-24
48557,Parscov,Femei_18-24
48682,Podgoria,Femei_18-24
48744,Oras Pogoanele,Femei_18-24
48771,Posta Calnau,Femei_18-24
48842,Puiesti,Femei_25-34
48922,Racoviteni,Femei_35-44
48968,Ramnicelu,Femei_18-24
49019,Robeasca,Femei_18-24
49046,Rusetu,Femei_18-24
49073,Sageata,Barbati_18-24
49153,Sahateni,Femei_18-24
49206,Sapoca,Femei_18-24
49233,Sarulesti,Femei_18-24
49313,Scortoasa,Femei_18-24
49439,Scutelnici,Femei_18-24
49484,Siriu,Femei_18-24
49545,Smeeni,Barbati_18-24
49625,Stalpu,Femei_18-24
49643,Tisau,Barbati_18-24
49769,Topliceni,Femei_18-24
49849,Tintesti,Barbati_18-24
49894,Ulmeni,Femei_18-24
49956,Vadu Pasii,Femei_18-24
50022,Valea Ramnicului,Femei_18-24
50068,Valea Salciei,Barbati_18-24
50102,Vernesti,Femei_18-24
50228,Vintila Voda,Femei_25-34
50326,Viperesti,Femei_18-24
50399,Valcelele,Femei_18-24
50415,Zarnesti,Femei_18-24
50479,Ziduri,Femei_18-24
50549,Unguriu,Femei_18-24
50564,Florica,Barbati_25-34
50790,Municipiul Resita,Femei_18-24
50889,Oras Anina,Femei_18-24
50923,Oras Baile Herculane,Barbati_18-24
50969,Oras Bocsa,Barbati_18-24
50987,Ocna De Fier,Barbati_18-24
51010,Municipiul Caransebes,Femei_18-24
51056,Oras Moldova Noua,Femei_18-24
51118,Oras Oravita,Femei_18-24
51207,Oras Otelu Rosu,Femei_18-24
51243,Armenis,Barbati_18-24
51305,Bania,Femei_18-24
51332,Bautar,Femei_18-24
51387,Berliste,Femei_18-24
51449,Berzasca,Femei_18-24
51500,Berzovia,Femei_18-24
51546,Bolvasnita,Barbati_18-24
51573,Bozovici,Femei_18-24
51626,Brebu,Barbati_18-24
51662,Brebu Nou,Femei_18-24
51699,Buchin,Barbati_18-24
51751,Bucosnita,Femei_18-24
51804,Carasova,Femei_18-24
51840,Carbunari,Femei_18-24
51877,Constantin Daicoviciu,Femei_18-24
51948,Ciclova Romana,Femei_18-24
51984,Ciuchici,Barbati_18-24
52035,Ciudanovita,Barbati_18-24
52062,Copacele,Femei_25-34
52115,Cornea,Femei_25-34
52160,Cornereva,Femei_18-24
52570,Dalboset,Barbati_18-24
52650,Doclin,Femei_18-24
52696,Dognecea,Femei_18-24
52721,Domasnea,Femei_25-34
52758,Ezeris,Femei_18-24
52785,Farliug,Femei_18-24
52856,Forotic,Femei_18-24
52909,Garnic,Femei_18-24
52936,Glimboca,Barbati_18-24
52954,Goruia,Femei_18-24
52990,Gradinari,Femei_18-24
53023,Iablanita,Femei_18-24
53069,Lapusnicel,Femei_18-24
53103,Lapusnicu Mare,Femei_18-24
53130,Luncavita,Femei_18-24
53167,Lupac,Barbati_18-24
53210,Marga,Femei_18-24
53247,Maureni,Femei_18-24
53274,Mehadia,Femei_18-24
53327,Mehadica,Femei_18-24
53345,Naidas,Femei_18-24
53372,Obreja,Femei_18-24
53425,Paltinis,Femei_18-24
53489,Coronini,Femei_18-24
53513,Pojejena,Femei_18-24
53577,Prigor,Femei_18-24
53639,Ramna,Femei_18-24
53675,Racasdia,Barbati_18-24
53700,Eftimie Murgu,Femei_18-24
53728,Rusca Montana,Femei_18-24
53755,Sacu,Barbati_18-24
53791,Sasca Montana,Femei_18-24
53853,Sichevita,Femei_18-24
54056,Slatina-Timis,Barbati_18-24
54109,Socol,Femei_18-24
54163,Sopotu Nou,Femei_18-24
54270,Teregova,Femei_18-24
54305,Ticvaniu Mare,Femei_25-34
54350,Tarnova,Femei_18-24
54387,Toplet,Femei_25-34
54412,Turnu Ruieni,Barbati_18-24
54485,Valiug,Femei_18-24
54500,Varadia,Femei_18-24
54537,Vermes,Barbati_18-24
54573,Vrani,Femei_18-24
54617,Zavoi,Femei_18-24
54699,Zorlentu Mare,Femei_18-24
54975,Municipiul Cluj-Napoca,Barbati_18-24
55008,Municipiul Dej,Femei_18-24
55062,Cuzdrioara,Barbati_18-24
55106,Jichisu De Jos,Barbati_18-24
55160,Mica,Femei_18-24
55259,Municipiul Turda,Femei_18-24
55277,Mihai Viteazu,Femei_18-24
55311,Sandulesti,Femei_18-24
55357,Municipiul Campia Turzii,Barbati_18-24
55384,Municipiul Gherla,Femei_18-24
55446,Oras Huedin,Femei_18-24
55473,Aghiresu,Femei_18-24
55598,Aiton,Femei_18-24
55623,Alunis,Femei_25-34
55687,Apahida,Femei_18-24
55776,Aschileu,Femei_18-24
55838,Baciu,Femei_18-24
55918,Baisoara,Barbati_18-24
56014,Belis,Barbati_18-24
56096,Bobalna,Barbati_25-34
56210,Bontida,Femei_18-24
56265,Borsa,Barbati_18-24
56327,Buza,Femei_25-34
56354,Caianu,Barbati_18-24
56425,Calarasi,Femei_18-24
56461,Calatele,Femei_18-24
56522,Camarasu,Femei_18-24
56568,Capusu Mare,Barbati_18-24
56666,Caseiu,Femei_18-24
56773,Catina,Femei_18-24
56844,Ceanu Mare,Femei_18-24
56988,Chinteni,Barbati_18-24
57083,Chiuiesti,Femei_18-24
57163,Ciucea,Barbati_18-24
57225,Ciurila,Barbati_18-24
57314,Catcau,Femei_18-24
57350,Cojocna,Femei_18-24
57449,Cornesti,Barbati_18-24
57546,Dabaca,Barbati_18-24
57582,Feleacu,Femei_18-24
57644,Fizesu Gherlii,Femei_18-24
57706,Floresti,Barbati_18-24
57742,Frata,Femei_18-24
57831,Geaca,Femei_18-24
57902,Gilau,Femei_18-24
57948,Garbau,Femei_18-24
58008,Iara,Femei_18-24
58142,Iclod,Femei_25-34
58204,Izvoru Crisului,Femei_18-24
58259,Jucu,Femei_18-24
58311,Luna,Femei_18-24
58357,Maguri-Racatau,Femei_65_
58393,Manastireni,Femei_25-34
58464,Margau,Barbati_18-24
58534,Marisel,Femei_18-24
58552,Mintiu Gherlii,Barbati_18-24
58623,Mociu,Femei_18-24
58721,Moldovenesti,Femei_18-24
58794,Palatca,Femei_18-24
58856,Panticeu,Barbati_18-24
58918,Petrestii De Jos,Barbati_18-24
58990,Ploscos,Femei_18-24
59041,Poieni,Femei_18-24
59130,Recea-Cristur,Femei_18-24
59238,Risca,Barbati_18-24
59283,Sacuieu,Femei_18-24
59327,Savadisla,Barbati_18-24
59416,Sic,Femei_18-24
59434,Sancraiu,Femei_18-24
59498,Sanmartin,Femei_18-24
59586,Sanpaul,Femei_18-24
59657,Suatu,Femei_18-24
59693,Tritenii De Jos,Femei_18-24
59764,Tureni,Femei_18-24
59826,Taga,Barbati_18-24
59880,Unguras,Femei_18-24
59942,Vad,Barbati_18-24
60026,Valea Ierii,Barbati_18-24
60062,Viisoara,Femei_18-24
60099,Vultureni,Femei_18-24
60169,Negreni,Femei_18-24
60419,Municipiul Constanta,Femei_18-24
60455,Oras Eforie,Femei_18-24
60482,Municipiul Mangalia,Femei_18-24
60507,Oras Navodari,Femei_18-24
60534,Oras Techirghiol,Femei_18-24
60570,Agigea,Femei_18-24
60598,8/23/2020 0:00,Femei_18-24
60632,Limanu,Barbati_18-24
60687,Oras Ovidiu,Femei_18-24
60721,Tuzla,Barbati_18-24
60776,Oras Cernavoda,Femei_18-24
60801,Oras Harsova,Femei_18-24
60847,Municipiul Medgidia,Femei_18-24
60883,Adamclisi,Femei_18-24
60945,Albesti,Barbati_18-24
61005,Aliman,Femei_18-24
61069,Oras Baneasa,Femei_18-24
61121,Castelu,Femei_18-24
61167,Cerchezu,Femei_18-24
61210,Chirnogeni,Femei_18-24
61256,Ciobanu,Barbati_18-24
61283,Ciocarlia,Barbati_18-24
61318,Cobadin,Barbati_18-24
61372,Cogealac,Femei_18-24
61452,Comana,Femei_18-24
61513,Corbu,Femei_18-24
61559,Crucea,Femei_18-24
61620,Cumpana,Barbati_18-24
61675,Deleni,Femei_18-24
61737,Dobromir,Barbati_18-24
61808,Garliciu,Femei_18-24
61826,Ghindaresti,Femei_18-24
61871,Independenta,Femei_18-24
61951,Ion Corvin,Femei_18-24
62020,Istria,Femei_18-24
62057,Lipnita,Barbati_18-24
62137,Mereni,Barbati_18-24
62191,Mihail Kogalniceanu,Femei_18-24
62253,Mihai Viteazu,Femei_18-24
62280,Mircea Voda,Femei_18-24
62360,Oras Murfatlar,Femei_18-24
62397,Oras Negru Voda,Femei_18-24
62440,Nicolae Balcescu,Femei_18-24
62486,Oltina,Femei_18-24
62538,Ostrov,Femei_18-24
62609,Pantelimon,Femei_18-24
62672,Pecineaga,Barbati_18-24
62707,Pestera,Barbati_18-24
62761,Poarta Alba,Femei_18-24
62798,Rasova,Barbati_18-24
62823,Saraiu,Femei_18-24
62878,Sacele,Barbati_18-24
62903,Seimeni,Barbati_18-24
62949,Silistea,Barbati_18-24
62985,Targusor,Barbati_18-24
63045,Topalu,Femei_18-24
63072,Topraisar,Femei_18-24
63125,Valu Lui Traian,Barbati_18-24
63152,Lumina,Femei_18-24
63161,Dumbraveni,Femei_18-24
63170,Vulturu,Barbati_18-24
63189,Tortoman,Femei_18-24
63198,Amzacea,Femei_18-24
63278,Horia,Barbati_18-24
63286,Costinesti,Femei_18-24
63294,Baraganu,Femei_18-24
63300,Cuza Voda,Barbati_18-24
63318,Saligny,Femei_18-24
63326,Gradina,Femei_18-24
63334,Fantanele,Femei_18-24
63394,Municipiul Sfantu Gheorghe,Femei_18-24
63447,Oras Baraolt,Femei_18-24
63526,Oras Covasna,Femei_18-24
63553,Comandau,Barbati_18-24
63580,Oras Intorsura Buzaului,Femei_18-24
63633,Barcani,Barbati_18-24
63688,Sita Buzaului,Barbati_18-24
63740,Municipiul Targu Secuiesc,Barbati_18-24
63777,Aita Mare,Barbati_18-24
63802,Batani,Femei_18-24
63866,Belin,Femei_18-24
63893,Bodoc,Femei_18-24
63937,Borosneu Mare,Barbati_18-24
64005,Brates,Barbati_18-24
64041,Bradut,Femei_18-24
64096,Bretcu,Femei_18-24
64130,Catalina,Barbati_18-24
64194,Cernat,Barbati_18-24
64238,Chichis,Femei_18-24
64265,Dobarlau,Femei_18-24
64318,Ghelinta,Femei_18-24
64345,Ghidfalau,Femei_18-24
64390,Haghig,Barbati_18-24
64425,Ilieni,Barbati_18-24
64461,Lemnia,Barbati_18-24
64504,Malnas,Barbati_18-24
64568,Moacsa,Barbati_18-24
64602,Ojdula,Barbati_18-24
64639,Ozun,Femei_18-24
64719,Poian,Barbati_18-24
64773,Reci,Femei_18-24
64826,Sanzieni,Femei_18-24
64871,Turia,Barbati_18-24
64906,Valea Crisului,Femei_18-24
64942,Valcele,Femei_18-24
64997,Varghis,Barbati_18-24
65011,Zagon,Barbati_18-24
65048,Zabala,Femei_18-24
65099,Valea Mare,Femei_18-24
65105,Mereni,Barbati_18-24
65113,Arcus,Barbati_18-24
65121,Bixad,Femei_18-24
65139,Micfalau,Barbati_18-24
65147,Dalnic,Barbati_18-24
65154,Estelnic,Femei_18-24
65342,Municipiul Targoviste,Femei_18-24
65379,Aninoasa,Femei_18-24
65413,Doicesti,Femei_18-24
65431,Razvad,Femei_18-24
65477,Sotanga,Barbati_18-24
65501,Ulmi,Femei_18-24
65609,Oras Fieni,Barbati_18-24
65645,Motaieni,Femei_18-24
65681,Oras Gaesti,Barbati_18-24
65707,Gura Foii,Femei_18-24
65752,Petresti,Barbati_18-24
65841,Municipiul Moreni,Femei_18-24
65869,Iedera,Femei_18-24
65921,Oras Pucioasa,Barbati_18-24
66009,Branesti,Barbati_18-24
66081,Oras Titu,Femei_18-24
66152,Branistea,Barbati_18-24
66198,Baleni,Femei_18-24
66223,Barbuletu,Femei_18-24
66330,Bezdead,Femei_18-24
66401,Bilciuresti,Femei_18-24
66438,Buciumeni,Barbati_18-24
66474,Bucsani,Femei_18-24
66526,Candesti,Barbati_18-24
66580,Cobia,Femei_18-24
66697,Cojasca,Barbati_65_
66731,Comisani,Barbati_18-24
66768,Contesti,Femei_18-24
66857,Corbii Mari,Femei_18-24
66955,Cornatelu,Femei_18-24
67014,Cornesti,Femei_18-24
67121,Costestii Din Vale,Femei_18-24
67167,Crangurile,Femei_18-24
67256,Darmanesti,Femei_18-24
67292,Dobra,Barbati_18-24
67327,Dragodana,Femei_18-24
67407,Dragomiresti,Femei_18-24
67470,Finta,Femei_18-24
67522,Glodeni,Femei_18-24
67595,Gura Ocnitei,Femei_18-24
67648,Gura Sutii,Femei_18-24
67675,Hulubesti,Femei_18-24
67737,I. L. Caragiale,Femei_18-24
67773,Lucieni,Femei_18-24
67835,Ludesti,Femei_18-24
67906,Lunguletu,Femei_18-24
67942,Malu Cu Flori,Barbati_18-24
68002,Manesti,Femei_18-24
68048,Matasaru,Femei_18-24
68128,Mogosani,Femei_18-24
68182,Moroeni,Femei_18-24
68253,Morteni,Femei_18-24
68280,Nucet,Femei_18-24
68324,Ocnita,Barbati_18-24
68342,Odobesti,Femei_18-24
68404,Pietrosita,Femei_18-24
68431,Poiana,Barbati_18-24
68468,Potlogi,Femei_18-24
68529,Produlesti,Femei_18-24
68565,Pucheni,Barbati_25-34
68627,Oras Racari,Barbati_18-24
68716,Runcu,Femei_18-24
68789,Salcioara,Femei_18-24
68887,Selaru,Femei_18-24
68921,Tatarani,Femei_18-24
68976,Uliesti,Femei_18-24
69063,Valea Lunga,Femei_18-24
69170,Valea Mare,Femei_18-24
69250,Vacaresti,Femei_18-24
69303,Valeni-Dambovita,Barbati_18-24
69330,Visina,Femei_18-24
69394,Visinesti,Barbati_18-24
69447,Varfuri,Femei_18-24
69526,Voinesti,Femei_18-24
69615,Vulcana-Bai,Barbati_18-24
69900,Municipiul Craiova,Femei_18-24
69964,Bucovat,Barbati_18-24
70094,Isalnita,Femei_18-24
70110,Podari,Femei_18-24
70174,Simnicu De Sus,Femei_18-24
70316,Municipiul Bailesti,Femei_18-24
70352,Municipiul Calafat,Femei_18-24
70414,Oras Filiasi,Femei_18-24
70502,Oras Segarcea,Femei_18-24
70520,Afumati,Femei_18-24
70566,Almaj,Femei_18-24
70637,Amarastii De Jos,Barbati_18-24
70673,Amarastii De Sus,Femei_18-24
70726,Apele Vii,Femei_18-24
70744,Argetoaia,Femei_18-24
70879,Oras Bechet,Barbati_18-24
70897,Bistret,Femei_18-24
70940,Barca,Femei_18-24
70968,Botosesti-Paia,Barbati_18-24
70986,Brabova,Femei_18-24
71055,Bradesti,Femei_18-24
71126,Bralostita,Femei_18-24
71199,Bratovoesti,Femei_18-24
71260,Breasta,Barbati_18-24
71340,Bulzesti,Femei_18-24
71457,Calopar,Femei_18-24
71518,Caraula,Femei_18-24
71536,Carpen,Femei_18-24
71572,Castranova,Femei_18-24
71607,Calarasi,Femei_18-24
71634,Celaru,Femei_18-24
71698,Cerat,Femei_18-24
71723,Cernatesti,Femei_18-24
71787,Cetate,Barbati_18-24
71812,Cioroiasi,Femei_18-24
71858,Ciupercenii Noi,Femei_18-24
71885,Cosoveni,Femei_18-24
71910,Cotofenii Din Dos,Barbati_18-24
71956,Daneti,Femei_18-24
72007,Oras Dabuleni,Femei_18-24
72034,Desa,Femei_18-24
72052,Diosti,Femei_18-24
72098,Dobresti,Femei_18-24
72150,Dragotesti,Barbati_18-24
72221,Dranic,Femei_18-24
72276,Farcas,Barbati_18-24
72383,Galicea Mare,Femei_18-24
72409,Ghercesti,Femei_18-24
72463,Gighera,Femei_18-24
72506,Giubega,Femei_18-24
72533,Giurgita,Femei_18-24
72579,Gangiova,Femei_18-24
72604,Gogosu,Femei_25-34
72640,Goicea,Femei_18-24
72677,Goiesti,Femei_18-24
72819,Grecesti,Femei_18-24
72882,Izvoare,Femei_18-24
72926,Leu,Femei_18-24
72953,Lipovu,Femei_18-24
72980,Macesu De Jos,Femei_18-24
73013,Macesu De Sus,Barbati_18-24
73031,Maglavit,Femei_18-24
73068,Malu Mare,Barbati_18-24
73102,Melinesti,Femei_18-24
73246,Mischii,Femei_18-24
73317,Marsani,Barbati_18-24
73335,Motatei,Femei_18-24
73371,Murgasi,Femei_18-24
73460,Negoi,Femei_18-24
73503,Orodel,Femei_18-24
73567,Ostroveni,Femei_18-24
73594,Perisor,Barbati_18-24
73629,Pielesti,Femei_18-24
73665,Piscu Vechi,Femei_18-24
73709,Plenita,Femei_18-24
73736,Poiana Mare,Femei_18-24
73772,Predesti,Femei_18-24
73852,Radovan,Femei_18-24
73905,Rast,Femei_18-24
73923,Robanesti,Femei_18-24
73996,Sadova,Femei_18-24
74028,Salcuta,Femei_18-24
74073,Scaesti,Barbati_18-24
74108,Seaca De Camp,Femei_18-24
74135,Seaca De Padure,Femei_18-24
74171,Secu,Femei_18-24
74224,Silistea Crucii,Femei_18-24
74242,Sopot,Femei_18-24
74322,Teasc,Femei_18-24
74359,Terpezita,Femei_18-24
74411,Teslui,Femei_18-24
74509,Tuglui,Barbati_18-24
74536,Unirea,Femei_18-24
74554,Urzicuta,Femei_18-24
74581,Valea Stanciului,Femei_18-24
74616,Vela,Femei_18-24
74705,Verbita,Femei_18-24
74732,Vartop,Femei_18-24
74750,Varvoru De Jos,Femei_18-24
74842,Catane,Femei_18-24
74859,Carcea,Femei_18-24
74867,Carna,Femei_18-24
74875,Cotofenii Din Fata,Femei_18-24
74883,Dobrotesti,Femei_25-34
74891,Galiciuica,Barbati_18-24
74907,Ghidici,Barbati_18-24
74915,Ghindeni,Femei_18-24
74923,Intorsura,Femei_18-24
74931,Plesoi,Barbati_18-24
74949,Rojiste,Femei_18-24
74956,Talpas,Barbati_18-24
75098,Municipiul Galati,Femei_18-24
75114,Sendreni,Barbati_18-24
75150,Vanatori,Femei_18-24
75203,Municipiul Tecuci,Femei_18-24
75221,Draganesti,Femei_18-24
75258,Munteni,Femei_18-24
75338,Oras Beresti,Barbati_18-24
75356,Beresti-Meria,Barbati_18-24
75472,Oras Targu Bujor,Femei_18-24
75515,Barcea,Barbati_18-24
75542,Balabanesti,Femei_25-34
75613,Balasesti,Femei_25-34
75668,Baleni,Femei_18-24
75686,Baneasa,Femei_18-24
75711,Branistea,Barbati_18-24
75766,Brahasesti,Femei_18-24
75819,Buciumeni,Femei_18-24
75864,Cavadinesti,Barbati_18-24
75917,Certesti,Femei_18-24
75953,Corod,Femei_18-24
76004,Corni,Femei_18-24
76040,Cosmesti,Femei_18-24
76111,Costache Negri,Femei_18-24
76139,Cuca,Barbati_18-24
76157,Cudalbi,Femei_25-34
76175,Draguseni,Femei_18-24
76255,Fartanesti,Femei_18-24
76282,Foltesti,Femei_18-24
76317,Frumusita,Femei_18-24
76353,Fundeni,Femei_18-24
76406,Ghidigeni,Barbati_18-24
76497,Gohor,Femei_18-24
76558,Grivita,Femei_18-24
76585,Independenta,Femei_18-24
76601,Ivesti,Femei_18-24
76638,Jorasti,Barbati_18-24
76674,Liesti,Femei_18-24
76692,Matca,Barbati_18-24
76718,Mastacani,Femei_18-24
76745,Movileni,Barbati_18-24
76763,Namoloasa,Femei_18-24
76807,Nicoresti,Femei_18-24
76932,Oancea,Barbati_18-24
76969,Pechea,Femei_18-24
76996,Piscu,Barbati_18-24
77028,Priponesti,Barbati_18-24
77082,Rediu,Barbati_18-24
77126,Scanteiesti,Barbati_18-24
77153,Schela,Femei_18-24
77180,Slobozia Conachi,Femei_18-24
77224,Smardan,Barbati_18-24
77260,Smulti,Barbati_18-24
77288,Suceveni,Femei_18-24
77313,Tudor Vladimirescu,Femei_18-24
77331,Tulucesti,Femei_18-24
77377,Tepu,Femei_18-24
77402,Umbraresti,Barbati_18-24
77475,Valea Marului,Femei_18-24
77509,Varlezi,Femei_18-24
77536,Vladesti,Barbati_18-24
77561,Radesti,Barbati_18-24
77579,Negrilesti,Barbati_18-24
77587,Poiana,Femei_25-34
77595,Cuza Voda,Femei_18-24
77601,Suhurlui,Femei_18-24
77812,Municipiul Targu Jiu,Femei_18-24
77910,Balesti,Femei_18-24
78016,Dragutesti,Femei_25-34
78089,Turcinesti,Femei_18-24
78141,Municipiul Motru,Femei_18-24
78258,Oras Novaci,Femei_18-24
78329,Oras Targu Carbunesti,Femei_18-24
78454,Oras Ticleni,Femei_18-24
78472,Albeni,Femei_18-24
78542,Alimpesti,Femei_18-24
78604,Aninoasa,Femei_18-24
78668,Arcani,Barbati_18-24
78711,Baia De Fier,Femei_18-24
78748,Balanesti,Femei_18-24
78828,Barbatesti,Femei_18-24
78873,Bengesti-Ciocadia,Femei_18-24
78926,Berlesti,Barbati_18-24
79004,Balteni,Barbati_18-24
79077,Bolbosi,Femei_18-24
79157,Borascu,Femei_18-24
79237,Branesti,Femei_18-24
79308,Oras Bumbesti-Jiu,Femei_18-24
79362,Bumbesti-Pitic,Barbati_18-24
79406,Bustuchin,Femei_18-24
79497,Capreni,Barbati_18-24
79585,Catunele,Barbati_18-24
79656,Ciuperceni,Barbati_18-24
79736,Calnic,Femei_18-24
79834,Crasna,Barbati_18-24
79932,Cruset,Femei_18-24
80043,Danciulesti,Barbati_18-24
80123,Danesti,Femei_18-24
80249,Dragotesti,Femei_18-24
80285,Farcasesti,Femei_18-24
80365,Glogova,Femei_18-24
80427,Godinesti,Barbati_18-24
80506,Hurezani,Barbati_18-24
80560,Ionesti,Barbati_18-24
80613,Jupanesti,Femei_18-24
80677,Lelesti,Femei_18-24
80711,Licurici,Femei_18-24
80766,Logresti,Femei_18-24
80846,Matasari,Femei_18-24
80908,Musetesti,Barbati_18-24
80980,Negomir,Femei_18-24
81095,Pades,Barbati_18-24
81184,Pestisani,Femei_18-24
81264,Plopsoru,Femei_18-24
81380,Polovragi,Femei_18-24
81415,Prigoria,Femei_18-24
81497,Rosia De Amaradia,Femei_18-24
81576,Runcu,Femei_18-24
81656,Samarinesti,Femei_25-34
81754,Sacelu,Femei_18-24
81816,Saulesti,Barbati_18-24
81861,Scoarta,Barbati_18-24
81987,Schela,Barbati_18-24
82047,Slivilesti,Femei_18-24
82136,Stanesti,Femei_18-24
82243,Stejari,Barbati_18-24
82314,Stoina,Barbati_18-24
82396,Telesti,Femei_18-24
82430,Oras Tismana,Femei_18-24
82555,Turburea,Femei_18-24
82617,Oras Turceni,Femei_18-24
82680,Tantareni,Femei_18-24
82733,Urdari,Femei_18-24
82779,Vagiulesti,Femei_25-34
82831,Vladimir,Femei_18-24
82895,Oras Rovinari,Barbati_18-24
83133,Municipiul Odorheiu Secuiesc,Barbati_18-24
83151,Bradesti,Barbati_18-24
83197,Feliceni,Barbati_18-24
83320,Municipiul Miercurea Ciuc,Femei_18-24
83375,Pauleni-Ciuc,Barbati_18-24
83428,Oras Baile Tusnad,Femei_18-24
83464,Oras Balan,Barbati_18-24
83491,Oras Borsec,Femei_18-24
83525,Oras Cristuru Secuiesc,Barbati_18-24
83561,Municipiul Gheorgheni,Barbati_18-24
83632,Municipiul Toplita,Femei_18-24
83749,Oras Vlahita,Barbati_18-24
83785,Atid,Femei_18-24
83847,Avramesti,Femei_18-24
83936,Bilbor,Femei_18-24
83963,Capalnita,Barbati_18-24
83981,Ciucsangeorgiu,Femei_18-24
84086,Ciumani,Barbati_18-24
84102,Carta,Barbati_18-24
84148,Corbu,Barbati_25-34
84175,Corund,Barbati_18-24
84237,Danesti,Barbati_18-24
84264,Dealu,Barbati_18-24
84344,Ditrau,Barbati_18-24
84380,Darjiu,Femei_18-24
84415,Frumoasa,Femei_18-24
84460,Galautas,Barbati_18-24
84558,Joseni,Barbati_18-24
84594,Lazarea,Barbati_18-24
84629,Lueta,Barbati_18-24
84656,Lunca De Jos,Barbati_18-24
84754,Lunca De Sus,Barbati_18-24
84825,Lupeni,Barbati_18-24
84923,Martinis,Femei_18-24
85056,Meresti,Barbati_18-24
85074,Mihaileni,Femei_18-24
85127,Mugeni,Femei_18-24
85243,Ocland,Femei_18-24
85289,Plaiesii De Jos,Barbati_18-24
85341,Praid,Femei_18-24
85412,Remetea,Barbati_18-24
85467,Sacel,Femei_18-24
85528,Sarmas,Barbati_25-34
85582,Secuieni,Femei_18-24
85626,Siculeni,Femei_18-24
85680,Sancraieni,Femei_18-24
85760,Sandominic,Barbati_18-24
85788,Sanmartin,Barbati_25-34
85840,Sansimion,Femei_18-24
85877,Subcetate,Femei_18-24
85920,Suseni,Barbati_18-24
85984,Simonesti,Barbati_18-24
86133,Tulghes,Femei_18-24
86188,Tusnad,Femei_18-24
86222,Ulies,Barbati_18-24
86311,Varsag,Barbati_18-24
86339,Voslabeni,Barbati_18-24
86366,Zetea,Barbati_18-24
86438,Madaras,Barbati_18-24
86446,Cozmeni,Femei_18-24
86453,Tomesti,Barbati_18-24
86461,Ciceu,Barbati_18-24
86479,Leliceni,Femei_18-24
86487,Porumbeni,Femei_18-24
86495,Racu,Barbati_18-24
86501,Satu Mare,Femei_18-24
86519,Santimbru,Barbati_18-24
86687,Municipiul Deva,Barbati_18-24
86749,Carjiti,Barbati_18-24
86810,Municipiul Hunedoara,Femei_18-24
86883,Ghelari,Femei_18-24
86936,Teliucu Inferior,Barbati_18-24
86990,Municipiul Petrosani,Femei_18-24
87059,Municipiul Lupeni,Femei_18-24
87077,Oras Petrila,Femei_18-24
87139,Oras Uricani,Femei_18-24
87175,Municipiul Vulcan,Femei_18-24
87219,Oras Aninoasa,Femei_18-24
87246,Banita,Femei_18-24
87291,Municipiul Brad,Femei_18-24
87362,Criscior,Femei_18-24
87424,Oras Calan,Femei_18-24
87576,Oras Hateg,Femei_18-24
87638,Municipiul Orastie,Femei_18-24
87665,Oras Simeria,Barbati_18-24
87745,Baia De Cris,Barbati_18-24
87843,Balsa,Femei_18-24
87996,Baru,Barbati_18-24
88047,Bacia,Femei_18-24
88092,Baita,Femei_18-24
88216,Batrana,Femei_18-24
88261,Beriu,Barbati_18-24
88350,Blajeni,Barbati_18-24
88449,Bosorod,Femei_18-24
88546,Branisca,Femei_18-24
88644,Bretea Romana,Femei_18-24
88788,Buces,Femei_18-24
88868,Bucuresci,Femei_18-24
88920,Bulzestii De Sus,Femei_18-24
89026,Bunila,Barbati_18-24
89080,Burjuc,Barbati_18-24
89151,Cerbal,Femei_18-24
89240,Certeju De Sus,Femei_18-24
89348,Densus,Barbati_25-34
89428,Dobra,Femei_18-24
89561,Oras Geoagiu,Femei_18-24
89687,Gurasada,Femei_18-24
89801,Harau,Femei_18-24
89856,Ilia,Femei_18-24
89954,Lapugiu De Jos,Femei_18-24
90066,Lelese,Femei_18-24
90119,Lunca Cernii De Jos,Femei_18-24
90208,Luncoiu De Jos,Barbati_18-24
90262,Martinesti,Barbati_18-24
90342,Orastioara De Sus,Barbati_18-24
90431,Pestisu Mic,Barbati_18-24
90538,Pui,Femei_18-24
90663,Rapoltu Mare,Femei_18-24
90725,Rachitova,Femei_18-24
90805,Ribita,Femei_18-24
90878,Rau De Mori,Barbati_18-24
90994,Romos,Femei_18-24
91054,Sarmizegetusa,Femei_18-24
91116,Salasu De Sus,Barbati_18-24
91232,Santamaria-Orlea,Femei_18-24
91330,Soimus,Barbati_18-24
91447,Tomesti,Femei_18-24
91535,Toplita,Barbati_18-24
91624,Totesti,Femei_18-24
91688,Turdas,Femei_18-24
91731,General Berthelot,Femei_18-24
91795,Vata De Jos,Femei_18-24
91937,Valisoara,Femei_18-24
91982,Vetel,Femei_18-24
92097,Vorta,Femei_18-24
92177,Zam,Femei_18-24
92569,Municipiul Calarasi,Femei_18-24
92587,Modelu,Femei_18-24
92658,Municipiul Slobozia,Femei_18-24
92701,Municipiul Fetesti,Femei_18-24
92765,Oras Tandarei,Femei_18-24
92783,Albesti,Femei_18-24
92836,Oras Amara,Femei_18-24
92872,Andrasesti,Barbati_18-24
92907,Balaciu,Femei_25-34
92961,Borcea,Femei_18-24
92989,Bordusani,Barbati_18-24
93021,Bucu,Femei_25-34
93067,Oras Cazanesti,Femei_25-34
93085,Ciocanesti,Femei_18-24
93101,Ciochina,Femei_18-24
93156,Ciulnita,Femei_18-24
93209,Cocora,Femei_18-24
93236,Cosambesti,Femei_18-24
93281,Cuza Voda,Femei_18-24
93325,Dichiseni,Femei_18-24
93370,Dor Marunt,Femei_18-24
93441,Dorobantu,Femei_18-24
93487,Dragalina,Femei_18-24
93539,Dragos Voda,Barbati_18-24
93575,Facaeni,Femei_18-24
93600,Gheorghe Doja,Barbati_18-24
93628,Gheorghe Lazar,Femei_18-24
93646,Giurgeni,Femei_18-24
93664,Gradistea,Femei_18-24
93717,Grindu,Femei_18-24
93735,Grivita,Femei_18-24
93771,Independenta,Femei_18-24
93815,Jegalia,Femei_18-24
93851,Lehliu,Femei_18-24
93888,Oras Lehliu Gara,Femei_18-24
93931,Lupsanu,Femei_18-24
93995,Mihail Kogalniceanu,Barbati_18-24
94045,Milosesti,Femei_18-24
94081,Movila,Femei_18-24
94107,Munteni-Buzau,Barbati_18-24
94125,Alexandru Odobescu,Femei_18-24
94161,Perieti,Femei_18-24
94223,Perisoru,Femei_18-24
94269,Reviga,Femei_18-24
94312,Roseti,Femei_18-24
94330,Salcioara,Femei_18-24
94376,Saveni,Barbati_18-24
94429,Scanteia,Femei_18-24
94456,Sfantu Gheorghe,Femei_18-24
94492,Stelnica,Femei_18-24
94535,Suditi,Barbati_18-24
94562,Stefan Cel Mare,Barbati_18-24
94580,Stefan Voda,Femei_18-24
94606,Ulmu,Femei_18-24
94651,Unirea,Femei_18-24
94688,Valea Ciorii,Barbati_18-24
94731,Valcelele,Femei_18-24
94768,Vlad Tepes,Femei_18-24
94795,Vladeni,Barbati_18-24
95060,Municipiul Iasi,Femei_18-24
95088,Barnova,Femei_18-24
95159,Holboca,Barbati_18-24
95239,Rediu,Femei_18-24
95293,Tomesti,Femei_18-24
95355,Oras Harlau,Femei_18-24
95391,Municipiul Pascani,Femei_18-24
95471,Oras Targu Frumos,Femei_18-24
95499,Ion Neculce,Femei_25-34
95612,Alexandru I. Cuza,Femei_18-24
95667,Andrieseni,Femei_18-24
95747,Aroneanu,Femei_18-24
95792,Baltati,Femei_18-24
95872,Belcesti,Femei_25-34
95943,Bivolari,Femei_25-34
96003,Ungheni,Femei_18-24
96058,Braesti,Femei_18-24
96110,Butea,Barbati_18-24
96147,Ceplenita,Femei_18-24
96192,Ciortesti,Barbati_18-24
96254,Ciurea,Femei_18-24
96334,Coarnele Caprei,Barbati_25-34
96370,Comarna,Femei_18-24
96423,Costuleni,Barbati_18-24
96478,Cotnari,Femei_18-24
96593,Cozmesti,Femei_25-34
96637,Cristesti,Femei_25-34
96664,Cucuteni,Femei_18-24
96717,Dagata,Femei_18-24
96815,Deleni,Barbati_18-24
96888,Dobrovat,Femei_18-24
96904,Dolhesti,Barbati_18-24
96940,Dumesti,Barbati_18-24
97009,Erbiceni,Barbati_18-24
97063,Focuri,Femei_18-24
97090,Golaiesti,Femei_18-24
97189,Gorban,Femei_25-34
97241,Grajduri,Femei_18-24
97321,Gropnita,Femei_18-24
97394,Grozesti,Femei_18-24
97438,Halaucesti,Femei_25-34
97465,Helesteni,Barbati_25-34
97517,Horlesti,Barbati_18-24
97553,Ipatele,Femei_18-24
97606,Lespezi,Femei_18-24
97679,Letcani,Femei_18-24
97722,Lungani,Femei_18-24
97777,Madarjac,Femei_18-24
97811,Mircesti,Barbati_25-34
97875,Mironeasa,Femei_18-24
97919,Miroslava,Barbati_18-24
98051,Miroslovesti,Femei_18-24
98113,Mogosesti,Femei_18-24
98168,Mogosesti-Siret,Femei_18-24
98202,Mosna,Femei_18-24
98220,Motca,Femei_25-34
98257,Movileni,Femei_18-24
98300,Oteleni,Barbati_18-24
98337,Plugari,Barbati_18-24
98373,Oras Podu Iloaiei,Femei_18-24
98435,Popesti,Barbati_18-24
98505,Popricani,Femei_18-24
98603,Prisacani,Barbati_18-24
98649,Probota,Femei_18-24
98685,Raducaneni,Barbati_25-34
98738,Romanesti,Femei_25-34
98774,Ruginoasa,Femei_18-24
98827,Schitu Duca,Femei_18-24
98916,Scanteia,Femei_18-24
98998,Scobinti,Femei_18-24
99058,Sinesti,Barbati_18-24
99101,Siretel,Barbati_18-24
99165,Stolniceni-Prajescu,Femei_18-24
99209,Strunga,Femei_18-24
99290,Scheia,Femei_18-24
99370,Sipote,Femei_25-34
99441,Tansa,Femei_25-34
99478,Tatarusi,Femei_18-24
99539,Todiresti,Femei_25-34
99600,Trifesti,Barbati_18-24
99673,Tibana,Femei_18-24
99780,Tibanesti,Femei_18-24
99879,Tiganasi,Femei_18-24
99922,Tutora,Barbati_18-24
99968,Valea Seaca,Femei_18-24
100004,Victoria,Femei_18-24
100086,Vanatori,Femei_25-34
100148,Vladeni,Barbati_18-24
100219,Voinesti,Femei_18-24
100273,Bals,Barbati_18-24
100282,Costesti,Barbati_18-24
100308,Draguseni,Femei_25-34
100317,Fantanele,Femei_18-24
100326,Harmanesti,Barbati_18-24
100335,Rachiteni,Femei_18-24
100344,Roscani,Femei_18-24
100353,Valea Lupului,Barbati_18-24
100362,Ciohorani,Femei_25-34
100521,Municipiul Giurgiu,Femei_18-24
100549,Slobozia,Barbati_18-24
100576,Oras Buftea,Femei_18-24
100610,Municipiul Oltenita,Femei_18-24
100638,Mitreni,Femei_18-24
100683,Municipiul Urziceni,Femei_18-24
100709,Ciocarlia,Barbati_18-24
100736,Manasia,Barbati_18-24
100754,Adancata,Femei_18-24
100781,Adunatii-Copaceni,Femei_18-24
100834,Afumati,Femei_18-24
100852,Alexeni,Femei_18-24
100870,Armasesti,Femei_18-24
100923,Axintele,Femei_18-24
100969,Balotesti,Femei_18-24
101001,Baneasa,Femei_18-24
101056,Barcanesti,Femei_18-24
101083,Belciugatele,Barbati_18-24
101145,Berceni,Femei_18-24
101163,Bolintin-Deal,Femei_18-24
101190,Oras Bolintin-Vale,Femei_18-24
101243,Brazii,Femei_18-24
101298,Branesti,Femei_18-24
101341,Brezoaele,Femei_18-24
101378,Bucsani,Femei_18-24
101458,Oras Budesti,Femei_18-24
101519,Bulbucata,Barbati_18-24
101564,Butimanu,Femei_18-24
101617,Buturugeni,Femei_18-24
101662,Calugareni,Femei_18-24
101724,Cascioarele,Femei_25-34
101742,Cernica,Femei_18-24
101804,Chirnogi,Femei_18-24
101822,Chiselet,Barbati_18-24
101840,Ciocanesti,Femei_18-24
101902,Ciolpani,Femei_18-24
101957,Ciorogarla,Femei_18-24
101984,Clejani,Femei_18-24
102035,Clinceni,Femei_18-24
102071,Colibasi,Femei_18-24
102106,Comana,Barbati_18-24
102160,Corbeanca,Femei_18-24
102213,Cornetu,Femei_18-24
102240,Cosereni,Femei_25-34
102286,Crevedia,Femei_18-24
102348,Crevedia Mare,Femei_18-24
102419,Curcani,Barbati_18-24
102446,Daia,Femei_18-24
102473,Dascalu,Femei_18-24
102525,Darasti-Ilfov,Femei_18-24
102543,1 Decembrie,Femei_18-24
102570,Domnesti,Femei_18-24
102605,Dragomiresti-Vale,Barbati_18-24
102641,Dragoesti,Femei_18-24
102703,Dridu,Femei_18-24
102749,Oras Fierbinti-Targ,Femei_18-24
102794,Floresti-Stoenesti,Femei_18-24
102838,Frasinet,Femei_18-24
102909,Fratesti,Femei_18-24
102945,Frumusani,Femei_18-24
103014,Fundeni,Barbati_18-24
103032,Oras Fundulea,Femei_18-24
103087,Gaiseni,Femei_18-24
103130,Ganeasa,Femei_18-24
103194,Gaujani,Femei_18-24
103238,Ghimpati,Femei_18-24
103283,Garbovi,Barbati_18-24
103309,Gogosari,Femei_18-24
103354,Gostinu,Femei_18-24
103372,Gostinari,Femei_18-24
103407,Gradinari,Femei_18-24
103443,Gradistea,Femei_18-24
103470,Greaca,Femei_18-24
103513,Gruiu,Femei_18-24
103568,Gurbanesti,Femei_25-34
103639,Hotarele,Femei_18-24
103693,Iepuresti,Femei_18-24
103764,Ileana,Femei_18-24
103862,Ion Roata,Femei_18-24
103899,Izvoarele,Femei_18-24
103960,Jilavele,Barbati_18-24
103997,Joita,Femei_18-24
104047,Letca Noua,Femei_18-24
104083,Luica,Barbati_18-24
104118,Mihai Bravu,Femei_18-24
104136,Oras Mihailesti,Femei_18-24
104181,Manastirea,Femei_18-24
104225,Marsa,Femei_18-24
104243,Moara Vlasiei,Femei_18-24
104270,Movilita,Femei_65_
104323,Nana,Femei_25-34
104341,Nicolae Balcescu,Femei_18-24
104387,Niculesti,Femei_18-24
104421,Nuci,Femei_18-24
104485,Ogrezeni,Femei_18-24
104519,Oinacu,Femei_18-24
104546,Peris,Barbati_18-24
104582,Petrachioaia,Barbati_18-24
104635,Plataresti,Femei_18-24
104680,Prundu,Femei_18-24
104715,Putineiu,Femei_18-24
104751,Radovanu,Femei_18-24
104788,Rasuceni,Barbati_18-24
104831,Roata De Jos,Femei_18-24
104886,Sarulesti,Femei_18-24
104975,Schitu,Barbati_18-24
105026,Sinesti,Femei_18-24
105106,Singureni,Femei_18-24
105142,Slobozia Moara,Femei_18-24
105160,Snagov,Femei_18-24
105222,Sohatu,Femei_18-24
105259,Spantov,Femei_18-24
105295,Stanesti,Femei_18-24
105348,Stoenesti,Femei_18-24
105384,Soldanu,Femei_18-24
105419,Stefanestii De Jos,Femei_18-24
105455,Tamadau Mare,Femei_18-24
105534,Tartasesti,Femei_18-24
105570,Tunari,Femei_18-24
105605,Ulmeni,Femei_18-24
105623,Ulmi,Barbati_18-24
105712,Valea Argovei,Femei_25-34
105776,Valea Dragului,Femei_18-24
105794,Valea Macrisului,Barbati_18-24
105829,Vasilati,Femei_18-24
105874,Varasti,Femei_18-24
105909,Vedea,Femei_18-24
105936,Vidra,Femei_18-24
105972,Vanatorii Mici,Femei_18-24
106318,Municipiul Baia Mare,Femei_18-24
106363,Grosi,Femei_18-24
106407,Recea,Femei_18-24
106461,Oras Tautii-Magheraus,Femei_18-24
106559,Municipiul Sighetu Marmatiei,Femei_18-24
106620,Sarasau,Femei_18-24
106648,Vadu Izei,Femei_18-24
106684,Oras Baia Sprie,Femei_18-24
106746,Oras Borsa,Femei_18-24
106782,Oras Cavnic,Barbati_18-24
106817,Oras Targu Lapus,Femei_18-24
106979,Oras Viseu De Sus,Barbati_18-24
107001,Ardusat,Femei_18-24
107047,Arinis,Femei_18-24
107083,Asuaju De Sus,Femei_18-24
107118,Baita De Sub Codru,Femei_18-24
107154,Baiut,Femei_18-24
107190,Basesti,Femei_18-24
107234,Bicaz,Femei_18-24
107270,Bistra,Femei_18-24
107314,Barsana,Femei_18-24
107350,Bocicoiu Mare,Femei_18-24
107403,Bogdan Voda,Femei_18-24
107430,Boiu Mare,Femei_18-24
107485,Botiza,Barbati_25-34
107519,Budesti,Barbati_18-24
107546,Calinesti,Barbati_18-24
107582,Cernesti,Femei_25-34
107662,Cicarlau,Femei_18-24
107715,Campulung La Tisa,Barbati_18-24
107733,Copalnic-Manastur,Femei_18-24
107868,Coroieni,Femei_18-24
107920,Cupseni,Femei_18-24
107975,Desesti,Femei_18-24
108017,Oras Dragomiresti,Femei_18-24
108035,Dumbravita,Barbati_18-24
108106,Farcasa,Barbati_18-24
108151,Giulesti,Femei_18-24
108204,Ieud,Barbati_18-24
108222,Lapus,Barbati_18-24
108240,Leordina,Barbati_18-24
108268,Miresu Mare,Barbati_18-24
108348,Moisei,Femei_18-24
108366,Oarta De Jos,Barbati_18-24
108400,Ocna Sugatag,Barbati_18-24
108455,Petrova,Barbati_18-24
108473,Poienile De Sub Munte,Barbati_18-24
108491,Remetea Chioarului,Femei_18-24
108552,Remeti,Barbati_18-24
108598,Repedea,Barbati_18-24
108614,Rona De Jos,Femei_18-24
108632,Rona De Sus,Femei_18-24
108669,Rozavlea,Barbati_18-24
108696,Ruscova,Barbati_18-24
108712,Satulung,Femei_18-24
108794,Sacalaseni,Femei_18-24
108874,Sacel,Femei_18-24
108892,Oras Salistea De Sus,Femei_18-24
108918,Salsig,Femei_18-24
108945,Sapanta,Barbati_18-24
108963,Oras Seini,Femei_18-24
109005,Stramtura,Barbati_18-24
109041,Suciu De Sus,Femei_18-24
109096,Sisesti,Barbati_18-24
109176,Oras Somcuta Mare,Femei_18-24
109265,Oras Ulmeni,Femei_18-24
109354,Valea Chioarului,Femei_18-24
109425,Vima Mica,Femei_25-34
109504,Viseu De Jos,Femei_18-24
109773,Municipiul Drobeta-Turnu Severin,Femei_18-24
109826,Simian,Femei_18-24
109924,Oras Baia De Arama,Femei_18-24
110027,Obarsia-Closani,Barbati_18-24
110063,Municipiul Orsova,Barbati_18-24
110116,Oras Strehaia,Femei_18-24
110232,Oras Vanju Mare,Femei_18-24
110296,Bala,Femei_18-24
110456,Balta,Barbati_18-24
110535,Balacita,Femei_18-24
110571,Bacles,Femei_18-24
110688,Balvanesti,Femei_18-24
110740,Breznita-Motru,Barbati_18-24
110820,Breznita-Ocol,Femei_18-24
110875,Brosteni,Femei_18-24
110946,Burila Mare,Femei_18-24
111006,Butoiesti,Femei_18-24
111097,Cazanesti,Femei_18-24
111220,Ciresu,Femei_18-24
111275,Corcova,Femei_18-24
111417,Corlatel,Barbati_25-34
111444,Cujmir,Femei_18-24
111480,Devesel,Barbati_18-24
111550,Darvari,Femei_18-24
111587,Dumbrava,Barbati_18-24
111685,Floresti,Femei_18-24
111783,Garla Mare,Femei_18-24
111818,Godeanu,Barbati_18-24
111863,Gogosu,Femei_18-24
111916,Greci,Femei_18-24
111989,Grozesti,Femei_18-24
112030,Gruia,Barbati_18-24
112076,Hinova,Femei_18-24
112129,Husnicioara,Femei_18-24
112245,Eselnita,Barbati_18-24
112263,Ilovat,Femei_18-24
112334,Ilovita,Barbati_18-24
112370,Isverna,Barbati_18-24
112469,Izvoru Barzii,Femei_18-24
112548,Jiana,Femei_18-24
112600,Livezile,Femei_18-24
112664,Malovat,Barbati_18-24
112744,Obarsia De Camp,Femei_18-24
112771,Oprisor,Femei_18-24
112806,Padina,Femei_18-24
112879,Patulele,Femei_18-24
112904,Dubova,Femei_18-24
112959,Podeni,Barbati_18-24
112995,Ponoarele,Femei_18-24
113153,Poroina Mare,Femei_18-24
113206,Pristol,Femei_18-24
113233,Prunisor,Femei_18-24
113395,Punghina,Barbati_18-24
113466,Rogova,Barbati_18-24
113493,Salcia,Femei_18-24
113518,Stangaceaua,Femei_18-24
113607,Svinita,Femei_18-24
113625,Sisesti,Barbati_18-24
113698,Sovarna,Femei_18-24
113732,Tamna,Barbati_18-24
113849,Vanatori,Femei_25-34
113894,Vanjulet,Femei_18-24
113929,Vladaia,Femei_18-24
113974,Voloiac,Barbati_18-24
114060,Branistea,Femei_18-24
114079,Vrata,Femei_18-24
114319,Municipiul Targu Mures,Femei_18-24
114355,Cristesti,Femei_18-24
114382,Sancraiu De Mures,Femei_18-24
114417,Sangeorgiu De Mures,Femei_18-24
114453,Santana De Mures,Femei_18-24
114514,Municipiul Sighisoara,Femei_18-24
114603,Albesti,Femei_18-24
114710,Oras Ludus,Femei_25-34
114809,Municipiul Reghin,Femei_18-24
114854,Oras Sovata,Barbati_18-24
114925,Municipiul Tarnaveni,Femei_18-24
114970,Acatari,Femei_18-24
115076,Adamus,Femei_25-34
115147,Alunis,Femei_18-24
115183,Apold,Femei_18-24
115236,Atintis,Femei_18-24
115307,Bahnea,Barbati_18-24
115389,Band,Femei_18-24
115520,Batos,Femei_18-24
115575,Bagaciu,Barbati_35-44
115600,Bala,Femei_25-34
115637,Balauseri,Femei_18-24
115708,Beica De Jos,Femei_18-24
115771,Bichis,Barbati_35-44
115824,Bogata,Femei_25-34
115851,Breaza,Barbati_25-34
115897,Brancovenesti,Barbati_18-24
115959,Ceuasu De Campie,Femei_18-24
116046,Chetani,Barbati_18-24
116126,Chiheru De Jos,Femei_18-24
116171,Coroisanmartin,Femei_18-24
116224,Cozma,Femei_18-24
116288,Craciunesti,Femei_18-24
116340,Craiesti,Femei_18-24
116395,Cucerdea,Femei_18-24
116439,Cuci,Femei_25-34
116493,Danes,Barbati_18-24
116545,Deda,Barbati_18-24
116590,Eremitu,Femei_18-24
116652,Ernei,Femei_18-24
116723,Faragau,Barbati_18-24
116796,Fantanele,Femei_18-24
116867,Galesti,Femei_18-24
116938,Ganesti,Barbati_18-24
116983,Gheorghe Doja,Femei_18-24
117042,Ghindari,Barbati_18-24
117113,Glodeni,Femei_18-24
117177,Gornesti,Femei_18-24
117275,Grebenisu De Campie,Barbati_18-24
117319,Gurghiu,Barbati_18-24
117426,Hodac,Femei_18-24
117505,Hodosa,Femei_18-24
117550,Ibanesti,Femei_18-24
117667,Iclanzel,Femei_18-24
117783,Ideciu De Jos,Femei_18-24
117827,Oras Iernut,Femei_18-24
117925,Livezeni,Barbati_18-24
117998,Lunca,Femei_25-34
118058,Lunca Bradului,Femei_18-24
118094,Magherani,Barbati_18-24
118209,Mica,Femei_18-24
118281,Oras Miercurea Nirajului,Barbati_18-24
118370,Mihesu De Campie,Femei_18-24
118469,Nades,Femei_18-24
118511,Neaua,Barbati_18-24
118575,Ogra,Femei_18-24
118637,Papiu Ilarian,Barbati_18-24
118691,Panet,Femei_18-24
118753,Pasareni,Barbati_18-24
118799,Petelea,Femei_18-24
118824,Pogaceaua,Femei_25-34
118931,Rastolita,Femei_18-24
118995,Raciu,Femei_18-24
119153,Rusii-Munti,Femei_18-24
119206,Saschiz,Femei_18-24
119242,Oras Sarmasu,Femei_25-34
119331,Oras Sangeorgiu De Padure,Femei_18-24
119386,Sanger,Femei_18-24
119466,Sanpaul,Femei_18-24
119527,Sanpetru De Campie,Femei_25-34
119590,Solovastru,Femei_18-24
119625,Stanceni,Femei_18-24
119661,Suplac,Femei_18-24
119723,Suseni,Barbati_18-24
119750,Saulia,Femei_18-24
119803,Sincai,Femei_25-34
119858,Taureni,Femei_18-24
119894,Oras Ungheni,Femei_18-24
119974,Valea Larga,Femei_25-34
120076,Vargata,Femei_18-24
120138,Vatava,Barbati_18-24
120174,Vetca,Barbati_18-24
120218,Viisoara,Femei_25-34
120254,Vanatori,Barbati_18-24
120316,Voivodeni,Femei_18-24
120343,Zagar,Femei_18-24
120370,Zau De Campie,Femei_18-24
120478,Chibed,Barbati_18-24
120487,Corunca,Femei_18-24
120496,Sarateni,Femei_18-24
120502,Madaras,Femei_18-24
120511,Bereni,Femei_18-24
120726,Municipiul Piatra-Neamt,Femei_18-24
120771,Dumbrava Rosie,Barbati_18-24
120824,Savinesti,Barbati_18-24
120860,Municipiul Roman,Femei_18-24
120888,Cordun,Femei_18-24
120922,Horia,Femei_18-24
120968,Oras Bicaz,Femei_18-24
121055,Oras Targu Neamt,Femei_18-24
121108,Agapia,Barbati_18-24
121153,Bahna,Femei_18-24
121242,Baltatesti,Femei_18-24
121297,Bicaz-Chei,Femei_18-24
121340,Bicazu Ardelean,Femei_18-24
121386,Bira,Barbati_18-24
121466,Bargauani,Femei_25-34
121607,Bodesti,Femei_18-24
121652,Borca,Femei_18-24
121732,Borlesti,Femei_18-24
121796,Botesti,Femei_25-34
121876,Bozieni,Femei_18-24
121938,Brusturi,Femei_18-24
122025,Ceahlau,Barbati_18-24
122061,Candesti,Femei_25-34
122132,Costisa,Barbati_18-24
122187,Cracaoani,Femei_18-24
122249,Damuc,Femei_18-24
122285,Dobreni,Femei_18-24
122347,Doljesti,Femei_18-24
122392,Dragomiresti,Femei_18-24
122463,Dulcesti,Femei_25-34
122551,Farcasa,Femei_18-24
122613,Faurei,Femei_18-24
122668,Gheraesti,Barbati_18-24
122702,Girov,Femei_18-24
122828,Garcina,Barbati_25-34
122864,Grinties,Femei_18-24
122908,Grumazesti,Femei_18-24
122953,Hangu,Barbati_18-24
123013,Icusesti,Femei_18-24
123102,Ion Creanga,Barbati_18-24
123175,Margineni,Femei_25-34
123228,Moldoveni,Femei_18-24
123255,Oniceni,Femei_18-24
123371,Pastraveni,Femei_18-24
123424,Petricani,Femei_18-24
123479,Piatra Soimului,Femei_18-24
123521,Pipirig,Femei_18-24
123601,Pangarati,Femei_18-24
123674,Podoleni,Femei_18-24
123709,Poienari,Femei_18-24
123790,Poiana Teiului,Femei_18-24
123914,Raucesti,Femei_18-24
123969,Razboieni,Barbati_18-24
124028,Rediu,Femei_18-24
124073,Romani,Barbati_18-24
124117,Oras Roznov,Femei_18-24
124153,Sagna,Barbati_18-24
124206,Sabaoani,Femei_18-24
124233,Secuieni,Femei_18-24
124331,Stanita,Femei_18-24
124411,Stefan Cel Mare,Femei_18-24
124493,Tarcau,Femei_18-24
124563,Tasca,Femei_18-24
124616,Tazlau,Femei_18-24
124634,Tamaseni,Barbati_18-24
124661,Timisesti,Femei_18-24
124723,Trifesti,Femei_18-24
124750,Tupilati,Barbati_18-24
124803,Tibucani,Barbati_18-24
124849,Urecheni,Femei_18-24
124885,Valea Ursului,Barbati_18-24
124938,Alexandru Cel Bun,Femei_18-24
125016,Vanatori-Neamt,Femei_18-24
125061,Zanesti,Femei_18-24
125098,Dochia,Femei_18-24
125105,Ruginoasa,Femei_18-24
125114,Ghindaoani,Barbati_25-34
125123,Valeni,Femei_18-24
125132,Draganesti,Femei_18-24
125141,Pancesti,Femei_18-24
125150,Gadinti,Femei_18-24
125169,Negresti,Barbati_18-24
125178,Boghicea,Femei_18-24
125347,Municipiul Slatina,Femei_18-24
125374,Slatioara,Femei_18-24
125418,Oras Bals,Femei_18-24
125472,Municipiul Caracal,Femei_18-24
125490,Draghiceni,Femei_18-24
125542,Oras Corabia,Femei_18-24
125588,Garcov,Barbati_18-24
125622,Oras Draganesti-Olt,Femei_18-24
125659,Babiciu,Femei_18-24
125677,Baldovinesti,Femei_18-24
125757,Barasti,Femei_18-24
125846,Barza,Barbati_18-24
125873,Bobicesti,Femei_18-24
125962,Brastavatu,Femei_18-24
125999,Brebeni,Femei_18-24
126022,Brancoveni,Femei_18-24
126077,Bucinisu,Femei_18-24
126102,Cezieni,Femei_18-24
126148,Cilieni,Femei_18-24
126166,Carlogani,Femei_18-24
126228,Colonesti,Femei_18-24
126326,Corbu,Femei_18-24
126380,Coteana,Femei_18-24
126406,Crampoia,Femei_18-24
126433,Curtisoara,Femei_18-24
126503,Cungrea,Femei_18-24
126585,Daneasa,Barbati_18-24
126647,Deveselu,Femei_18-24
126674,Dobretu,Femei_18-24
126718,Dobrosloveni,Barbati_18-24
126772,Dobroteasa,Femei_18-24
126825,Dobrun,Femei_18-24
126905,Fagetelu,Barbati_18-24
126978,Falcoiu,Femei_18-24
127019,Farcasele,Barbati_18-24
127064,Ganeasa,Femei_18-24
127126,Giuvarasti,Femei_25-34
127144,Gostavatu,Femei_18-24
127171,Gradinari,Femei_25-34
127224,Grojdibodu,Femei_18-24
127251,Ianca,Femei_18-24
127288,Iancu Jianu,Femei_18-24
127322,Icoana,Femei_18-24
127368,Izbiceni,Femei_18-24
127386,Izvoarele,Femei_25-34
127411,Leleasca,Femei_18-24
127493,Maruntei,Femei_18-24
127536,Mihaesti,Femei_18-24
127563,Milcov,Femei_18-24
127625,Morunglav,Femei_18-24
127689,Movileni,Femei_18-24
127714,Nicolae Titulescu,Femei_18-24
127750,Obarsia,Femei_18-24
127812,Oboga,Femei_18-24
127858,Oporelu,Femei_25-34
127901,Optasi-Magura,Barbati_18-24
127938,Orlea,Femei_18-24
127983,Osica De Sus,Femei_18-24
128052,Perieti,Femei_18-24
128105,Oras Piatra-Olt,Femei_18-24
128178,Parscoveni,Femei_18-24
128221,Plesoiu,Femei_18-24
128301,Poboru,Femei_18-24
128374,Oras Potcoava,Femei_18-24
128436,Priseaca,Femei_18-24
128472,Radomiresti,Femei_18-24
128524,Redea,Femei_18-24
128560,Rotunda,Barbati_18-24
128588,Rusanesti,Barbati_18-24
128613,Scarisoara,Femei_18-24
128659,Schitu,Femei_18-24
128711,Oras Scornicesti,Femei_18-24
128864,Seaca,Femei_18-24
128882,Samburesti,Femei_18-24
128962,Spineni,Barbati_18-24
129040,Sprancenata,Femei_18-24
129095,Stoenesti,Femei_18-24
129111,Stoicanesti,Femei_25-34
129139,Strejesti,Femei_18-24
129184,Studina,Barbati_18-24
129246,Serbanesti,Femei_18-24
129282,Stefan Cel Mare,Femei_18-24
129317,Tatulesti,Femei_18-24
129380,Teslui,Femei_18-24
129460,Tia Mare,Femei_18-24
129503,Topana,Femei_18-24
129567,Traian,Femei_18-24
129585,Tufeni,Femei_25-34
129629,Urzica,Barbati_18-24
129656,Valea Mare,Femei_18-24
129718,Vadastra,Barbati_18-24
129745,Vadastrita,Femei_25-34
129763,Valeni,Barbati_18-24
129816,Verguleasa,Barbati_18-24
129898,Visina,Femei_18-24
129914,Vitomiresti,Barbati_18-24
129987,Valcele,Femei_18-24
130026,Vladila,Femei_18-24
130062,Voineasa,Femei_18-24
130124,Vulpeni,Femei_18-24
130231,Vulturesti,Femei_18-24
130286,Balteni,Femei_18-24
130295,Calui,Femei_18-24
130302,Gavanesti,Femei_18-24
130311,Ghimpeteni,Barbati_18-24
130320,Gradinile,Femei_18-24
130339,Gura Padinii,Barbati_18-24
130348,Ipotesti,Femei_18-24
130357,Osica De Jos,Femei_18-24
130366,Sarbii - Magura,Femei_18-24
130375,Visina Noua,Femei_18-24
130384,Soparlita,Femei_18-24
130534,Municipiul Ploiesti,Femei_18-24
130552,Barcanesti,Femei_18-24
130614,Berceni,Barbati_18-24
130678,Blejoi,Femei_18-24
130712,Brazi,Femei_18-24
130785,Bucov,Barbati_18-24
130847,Paulesti,Femei_18-24
130892,Targsoru Vechi,Femei_18-24
130954,Oras Azuga,Barbati_18-24
130981,Oras Baicoi,Barbati_18-24
131069,Oras Boldesti-Scaeni,Femei_18-24
131103,Oras Breaza,Femei_18-24
131210,Oras Busteni,Femei_18-24
131256,Municipiul Campina,Femei_18-24
131274,Poiana Campina,Femei_18-24
131336,Oras Comarnic,Femei_18-24
131407,Oras Mizil,Femei_18-24
131443,Oras Plopeni,Femei_18-24
131461,Dumbravesti,Femei_18-24
131540,Oras Sinaia,Barbati_18-24
131577,Oras Slanic,Femei_18-24
131620,Oras Urlati,Femei_18-24
131817,Oras Valenii De Munte,Femei_18-24
131835,Gura Vitioarei,Femei_18-24
131899,Adunati,Femei_18-24
131933,Albesti-Paleologu,Femei_18-24
131988,Alunis,Femei_18-24
132011,Apostolache,Femei_25-34
132075,Aricestii Rahtivani,Femei_18-24
132137,Aricestii Zeletin,Barbati_18-24
132164,Baba Ana,Femei_18-24
132226,Balta Doamnei,Femei_18-24
132271,Baltesti,Femei_18-24
132315,Banesti,Femei_18-24
132342,Bertea,Femei_25-34
132379,Boldesti-Gradistea,Femei_18-24
132404,Brebu,Femei_18-24
132459,Calugareni,Femei_35-44
132486,Carbunesti,Femei_18-24
132510,Ceptura,Femei_25-34
132574,Cerasu,Femei_18-24
132645,Chiojdeanca,Femei_18-24
132681,Ciorani,Femei_18-24
132716,Cocorastii Mislii,Femei_18-24
132752,Colceag,Femei_25-34
132805,Cornu,Femei_18-24
132841,Cosminele,Femei_18-24
132896,Drajna,Femei_18-24
133018,Draganesti,Femei_18-24
133090,Dumbrava,Femei_18-24
133161,Filipestii De Padure,Femei_18-24
133214,Filipestii De Targ,Femei_18-24
133278,Fantanele,Femei_18-24
133330,Floresti,Femei_18-24
133394,Fulga,Femei_18-24
133429,Gherghita,Femei_18-24
133508,Gorgota,Femei_18-24
133562,Gornet,Barbati_18-24
133615,Gornet-Cricov,Femei_18-24
133688,Gura Vadului,Barbati_18-24
133722,Iordacheanu,Barbati_18-24
133795,Izvoarele,Femei_18-24
133866,Jugureni,Femei_18-24
133919,Lapos,Femei_18-24
133964,Lipanesti,Femei_25-34
134014,Magurele,Femei_25-34
134050,Magureni,Femei_18-24
134096,Maneciu,Femei_18-24
134194,Manesti,Femei_18-24
134336,Pacureti,Femei_18-24
134390,Plopu,Femei_18-24
134443,Podenii Noi,Femei_18-24
134559,Poienarii Burchii,Femei_18-24
134648,Posesti,Femei_18-24
134755,Predeal-Sarari,Barbati_18-24
134853,Provita De Jos,Femei_18-24
134899,Provita De Sus,Barbati_18-24
134942,Puchenii Mari,Barbati_18-24
135020,Rafov,Femei_18-24
135128,Salcia,Barbati_25-34
135146,Salciile,Barbati_18-24
135164,Scorteni,Barbati_18-24
135226,Secaria,Femei_18-24
135244,Sangeru,Femei_18-24
135315,Starchiojd,Femei_18-24
135404,Surani,Femei_18-24
135431,Sirna,Femei_18-24
135501,Soimari,Barbati_18-24
135547,Sotrile,Femei_18-24
135618,Stefesti,Femei_18-24
135654,Talea,Femei_18-24
135681,Tataru,Barbati_18-24
135725,Teisani,Barbati_18-24
135789,Telega,Femei_18-24
135850,Tinosu,Barbati_18-24
135896,Tomsani,Femei_18-24
135949,Valea Calugareasca,Femei_18-24
136107,Valea Doftanei,Barbati_18-24
136134,Varbilau,Femei_18-24
136198,Valcanesti,Barbati_18-24
136241,Cocorastii Colt,Femei_18-24
136250,Olari,Femei_18-24
136269,Vadu Sapat,Femei_25-34
136278,Batrani,Femei_18-24
136483,Municipiul Satu Mare,Femei_18-24
136526,Municipiul Carei,Barbati_18-24
136553,Capleni,Barbati_18-24
136599,Oras Negresti-Oas,Barbati_18-24
136642,Oras Tasnad,Femei_18-24
136713,Acas,Barbati_65_
136768,Andrid,Barbati_18-24
136802,Apa,Femei_18-24
136848,Oras Ardud,Barbati_18-24
136919,Batarci,Barbati_18-24
136964,Beltiug,Barbati_18-24
137032,Berveni,Femei_18-24
137069,Bixad,Femei_18-24
137103,Barsau,Barbati_18-24
137130,Bogdand,Barbati_18-24
137185,Botiz,Barbati_18-24
137229,Calinesti-Oas,Barbati_18-24
137274,Camarzana,Femei_25-34
137292,Cauas,Femei_18-24
137363,Cehal,Femei_18-24
137407,Certeze,Femei_18-24
137443,Craidorolt,Barbati_18-24
137504,Crucisor,Femei_18-24
137540,Culciu,Barbati_18-24
137611,Doba,Barbati_18-24
137675,Dorolt,Femei_18-24
137728,Foieni,Barbati_18-24
137746,Gherta Mica,Barbati_18-24
137764,Halmeu,Barbati_18-24
137844,Hodod,Barbati_18-24
137899,Homoroade,Femei_25-34
137960,Lazuri,Femei_18-24
138039,Oras Livada,Femei_18-24
138084,Mediesu Aurit,Barbati_18-24
138164,Micula,Femei_18-24
138208,Moftin,Femei_18-24
138280,Odoreu,Femei_18-24
138351,Orasu Nou,Barbati_18-24
138431,Paulesti,Femei_18-24
138501,Petresti,Barbati_18-24
138538,Pir,Barbati_18-24
138574,Piscolt,Femei_18-24
138618,Pomi,Barbati_18-24
138663,Sanislau,Femei_18-24
138734,Santau,Barbati_18-24
138770,Sacaseni,Barbati_18-24
138805,Sauca,Barbati_65_
138869,Socond,Femei_18-24
138921,Supur,Femei_18-24
139009,Tarna Mare,Femei_18-24
139054,Terebesti,Femei_18-24
139107,Tiream,Femei_18-24
139143,Tarsolt,Femei_25-34
139170,Turt,Femei_18-24
139214,Turulung,Barbati_18-24
139250,Urziceni,Femei_18-24
139287,Valea Vinului,Femei_18-24
139330,Vama,Barbati_18-24
139358,Vetis,Femei_18-24
139394,Viile Satu Mare,Barbati_18-24
139704,Municipiul Zalau,Femei_18-24
139740,Oras Cehu Silvaniei,Femei_18-24
139811,Oras Jibou,Femei_18-24
139884,Oras Simleu Silvaniei,Femei_18-24
139937,Agrij,Barbati_18-24
139982,Almasu,Barbati_18-24
140084,Babeni,Femei_18-24
140146,Balan,Femei_18-24
140208,Banisor,Femei_18-24
140244,Benesat,Femei_18-24
140280,Bobota,Femei_18-24
140324,Bocsa,Barbati_18-24
140379,Buciumi,Barbati_18-24
140440,Camar,Barbati_18-24
140477,Carastelec,Femei_18-24
140501,Chiesd,Femei_18-24
140547,Cizer,Femei_18-24
140583,Coseiu,Femei_18-24
140627,Crasna,Femei_18-24
140672,Creaca,Barbati_18-24
140770,Cristolt,Femei_25-34
140823,Criseni,Femei_18-24
140869,Cuzaplac,Femei_18-24
140958,Dobrin,Femei_18-24
141027,Dragu,Femei_18-24
141081,Fildu De Jos,Femei_18-24
141134,Galgau,Femei_18-24
141232,Garbou,Femei_18-24
141312,Halmasd,Femei_18-24
141376,Hereclean,Femei_18-24
141447,Hida,Barbati_18-24
141535,Horoatu Crasnei,Femei_25-34
141580,Ileanda,Femei_18-24
141722,Ip,Femei_18-24
141786,Letca,Femei_25-34
141884,Lozna,Barbati_18-24
141946,Marca,Femei_25-34
142006,Maeriste,Barbati_18-24
142079,Mesesenii De Jos,Femei_18-24
142122,Mirsid,Femei_18-24
142177,Napradea,Femei_18-24
142239,Nusfalau,Femei_18-24
142284,Pericei,Barbati_18-24
142337,Plopis,Femei_18-24
142373,Poiana Blenchii,Barbati_18-24
142426,Romanasi,Femei_18-24
142499,Rus,Femei_18-24
142550,Salatig,Femei_18-24
142612,Sag,Femei_18-24
142676,Sanmihaiu Almasului,Femei_18-24
142710,Somes-Odorhei,Barbati_18-24
142774,Surduc,Barbati_18-24
142854,Samsud,Barbati_18-24
142881,Sarmasag,Barbati_18-24
142952,Valcau De Jos,Femei_18-24
143021,Varsolt,Barbati_18-24
143067,Zalha,Femei_18-24
143147,Zimbor,Femei_18-24
143450,Municipiul Sibiu,Barbati_18-24
143487,Cristian,Femei_18-24
143502,Poplaca,Femei_18-24
143520,Rasinari,Femei_18-24
143557,Selimbar,Femei_18-24
143619,Municipiul Medias,Femei_18-24
143646,Tarnava,Femei_18-24
143682,Oras Agnita,Femei_18-24
143735,Oras Cisnadie,Femei_18-24
143771,Oras Copsa Mica,Barbati_18-24
143806,Oras Dumbraveni,Femei_18-24
143851,Oras Ocna Sibiului,Femei_18-24
143888,Altina,Femei_18-24
143922,Apoldu De Jos,Barbati_18-24
143959,Arpasu De Jos,Femei_18-24
143995,Atel,Femei_18-24
144054,Oras Avrig,Barbati_18-24
144116,Axente Sever,Femei_18-24
144152,Bazna,Femei_18-24
144198,Biertan,Barbati_18-24
144232,Barghis,Barbati_18-24
144303,Blajel,Barbati_18-24
144349,Brateiu,Femei_18-24
144376,Bradeni,Femei_18-24
144410,Bruiu,Barbati_18-24
144456,Chirpar,Barbati_18-24
144508,Carta,Barbati_18-24
144535,Cartisoara,Barbati_18-24
144553,Darlos,Femei_25-34
144599,Gura Raului,Barbati_18-24
144615,Hoghilag,Barbati_18-24
144651,Iacobeni,Femei_18-24
144713,Jina,Femei_18-24
144731,Laslea,Barbati_18-24
144795,Loamnes,Femei_25-34
144866,Ludos,Femei_18-24
144893,Marpod,Femei_18-24
144928,Oras Miercurea Sibiului,Femei_18-24
144964,Merghindeal,Barbati_18-24
144991,Micasasa,Barbati_18-24
145042,Mihaileni,Barbati_18-24
145104,Mosna,Barbati_18-24
145140,Nocrich,Femei_18-24
145202,Orlat,Barbati_18-24
145220,Pauca,Femei_25-34
145275,Poiana Sibiului,Femei_18-24
145293,Porumbacu De Jos,Femei_18-24
145355,Racovita,Femei_25-34
145382,Rau Sadului,Barbati_18-24
145408,Rosia,Femei_18-24
145471,Sadu,Barbati_18-24
145499,Oras Saliste,Femei_18-24
145603,Slimnic,Barbati_18-24
145667,Seica Mare,Femei_18-24
145738,Seica Mica,Femei_18-24
145765,Sura Mare,Barbati_18-24
145792,Sura Mica,Barbati_18-24
145827,Oras Talmaciu,Barbati_18-24
145907,Tilisca,Femei_18-24
145934,Turnu Rosu,Femei_18-24
145961,Valea Viilor,Barbati_18-24
145998,Vurpar,Barbati_18-24
146012,Alma,Femei_18-24
146021,Boita,Femei_18-24
146263,Municipiul Suceava,Femei_18-24
146281,Ipotesti,Femei_18-24
146325,Mitocu Dragomirnei,Femei_18-24
146370,Oras Salcea,Femei_18-24
146432,Scheia,Femei_18-24
146502,Municipiul Campulung Moldovenesc,Femei_18-24
146539,Municipiul Falticeni,Femei_18-24
146584,Oras Gura Humorului,Femei_18-24
146628,Municipiul Radauti,Femei_18-24
146655,Oras Siret,Barbati_18-24
146708,Oras Solca,Femei_18-24
146744,Municipiul Vatra Dornei,Femei_18-24
146799,Adancata,Femei_18-24
146860,Arbore,Femei_18-24
146904,Baia,Femei_18-24
146931,Oras Milisauti,Barbati_18-24
146995,Balcauti,Femei_18-24
147036,Bilca,Femei_25-34
147054,Bogdanesti,Barbati_25-34
147072,Boroaia,Femei_18-24
147134,Bosanci,Femei_18-24
147161,Botosana,Barbati_18-24
147205,Breaza,Femei_25-34
147241,Brodina,Femei_18-24
147358,Oras Brosteni,Barbati_18-24
147465,Bunesti,Barbati_18-24
147526,Cacica,Femei_18-24
147580,Calafindesti,Femei_18-24
147633,Oras Cajvana,Femei_65_
147660,Ilisesti,Femei_18-24
147713,Carlibaba,Barbati_18-24
147786,Cornu Luncii,Femei_25-34
147884,Crucea,Barbati_25-34
147937,Darmanesti,Femei_18-24
148006,Oras Dolhasca,Femei_18-24
148097,Dolhesti,Barbati_18-24
148131,Dorna-Arini,Femei_18-24
148202,Dorna Candrenilor,Barbati_18-24
148293,Dornesti,Femei_35-44
148328,Dragoiesti,Femei_18-24
148382,Draguseni,Barbati_18-24
148426,Dumbraveni,Barbati_18-24
148453,Fantanele,Femei_18-24
148514,Forasti,Femei_18-24
148612,Oras Frasin,Femei_18-24
148667,Fratautii Noi,Femei_18-24
148694,Fratautii Vechi,Femei_18-24
148729,Frumosu,Femei_18-24
148765,Fundu Moldovei,Barbati_18-24
148872,Galanesti,Barbati_18-24
148916,Gramesti,Femei_18-24
148970,Granicesti,Femei_25-34
149049,Horodniceni,Barbati_18-24
149101,Horodnic De Jos,Femei_18-24
149138,Iacobeni,Barbati_18-24
149183,Izvoarele Sucevei,Femei_18-24
149227,Oras Liteni,Femei_25-34
149290,Marginea,Barbati_18-24
149316,Malini,Femei_18-24
149370,Manastirea Humorului,Femei_18-24
149414,Moara,Barbati_18-24
149502,Moldova-Sulita,Barbati_18-24
149539,Moldovita,Barbati_18-24
149584,Musenita,Barbati_18-24
149655,Ostra,Barbati_18-24
149682,Panaci,Femei_25-34
149753,Paltinoasa,Femei_18-24
149780,Partestii De Jos,Femei_25-34
149833,Patrauti,Femei_18-24
149851,Poiana Stampei,Barbati_18-24
149931,Pojorata,Femei_18-24
149968,Preutesti,Femei_18-24
150043,Putna,Femei_18-24
150070,Radaseni,Femei_18-24
150114,Rasca,Femei_18-24
150178,Sadova,Femei_18-24
150196,Satu Mare,Barbati_18-24
150221,Siminicea,Femei_25-34
150258,Slatina,Barbati_18-24
150294,Straja,Femei_18-24
150310,Stroiesti,Barbati_18-24
150356,Stulpicani,Barbati_18-24
150418,Sucevita,Femei_25-34
150445,Saru Dornei,Femei_18-24
150524,Todiresti,Barbati_18-24
150588,Udesti,Femei_18-24
150702,Ulma,Femei_18-24
150766,Vadu Moldovei,Barbati_18-24
150891,Valea Moldovei,Femei_18-24
150935,Vama,Barbati_18-24
150980,Vatra Moldovitei,Femei_18-24
151022,Veresti,Femei_18-24
151077,Vicovu De Jos,Femei_18-24
151095,Oras Vicovu De Sus,Femei_65_
151120,Volovat,Barbati_18-24
151157,Vulturesti,Femei_25-34
151246,Zamostea,Femei_18-24
151344,Zvoristea,Barbati_18-24
151433,Comanesti,Femei_18-24
151442,Iaslovat,Barbati_18-24
151451,Ciocanesti,Femei_18-24
151460,Serbauti,Barbati_18-24
151479,Horodnic De Sus,Femei_18-24
151488,Fantana Mare,Femei_18-24
151497,Cosna,Barbati_18-24
151503,Capu Campului,Femei_18-24
151512,Hantesti,Femei_18-24
151521,Burla,Barbati_18-24
151530,Balaceana,Barbati_18-24
151549,Hartop,Femei_18-24
151558,Voitinel,Femei_65_
151567,Ciprian Porumbescu,Femei_18-24
151576,Berchisesti,Barbati_18-24
151585,Poieni-Solca,Femei_18-24
151683,Municipiul Turnu Magurele,Femei_25-34
151709,Ciuperceni,Femei_18-24
151736,Islaz,Femei_18-24
151763,Lita,Femei_18-24
151790,Municipiul Alexandria,Femei_18-24
151816,Nanov,Femei_18-24
151834,Poroschia,Barbati_18-24
151870,Municipiul Rosiori De Vede,Femei_18-24
151905,Oras Videle,Femei_18-24
151932,Crevenicu,Femei_18-24
151978,Oras Zimnicea,Femei_18-24
151996,Balaci,Femei_18-24
152038,Babaita,Femei_18-24
152083,Blejesti,Barbati_18-24
152127,Bogdana,Barbati_18-24
152172,Botoroaga,Femei_18-24
152234,Bragadiru,Femei_18-24
152252,Branceni,Barbati_18-24
152270,Bujoreni,Barbati_18-24
152314,Bujoru,Femei_18-24
152332,Buzescu,Barbati_18-24
152350,Calinesti,Femei_18-24
152412,Calmatuiu,Femei_18-24
152467,Calmatuiu De Sus,Femei_25-34
152500,Cervenia,Femei_18-24
152528,Ciolanesti,Barbati_18-24
152564,Contesti,Barbati_18-24
152582,Cosmesti,Femei_18-24
152617,Crangeni,Barbati_18-24
152662,Crangu,Femei_18-24
152724,Didesti,Barbati_18-24
152760,Dobrotesti,Femei_18-24
152797,Dracsenei,Femei_18-24
152868,Draganesti De Vede,Femei_18-24
152902,Draganesti-Vlasca,Femei_18-24
152948,Furculesti,Femei_18-24
152993,Frumoasa,Femei_18-24
153026,Galateni,Barbati_18-24
153062,Gratia,Femei_18-24
153106,Izvoarele,Femei_25-34
153124,Lisa,Femei_18-24
153151,Lunca,Femei_18-24
153204,Mavrodin,Femei_18-24
153240,Magura,Barbati_18-24
153277,Maldaeni,Femei_18-24
153295,Mereni,Femei_18-24
153339,Marzanesti,Femei_18-24
153384,Mosteni,Femei_18-24
153400,Nasturelu,Femei_18-24
153437,Necsesti,Femei_18-24
153473,Olteni,Femei_18-24
153507,Orbeasca,Femei_18-24
153543,Peretu,Femei_18-24
153561,Piatra,Femei_18-24
153589,Pietrosani,Femei_18-24
153605,Plosca,Femei_18-24
153623,Plopii-Slavitesti,Barbati_18-24
153696,Poeni,Femei_18-24
153776,Vitanesti,Femei_18-24
153829,Putineiu,Femei_18-24
153865,Radoiesti,Femei_18-24
153909,Rasmiresti,Femei_18-24
153936,Salcia,Barbati_18-24
153972,Saceni,Barbati_18-24
154013,Scrioastea,Femei_18-24
154068,Scurtu Mare,Femei_18-24
154139,Seaca,Femei_18-24
154166,Sfintesti,Barbati_18-24
154184,Segarcea-Vale,Barbati_18-24
154228,Silistea,Femei_25-34
154282,Silistea-Gumesti,Femei_25-34
154308,Sarbeni,Femei_18-24
154344,Slobozia Mandra,Femei_18-24
154380,Smardioasa,Femei_18-24
154415,Stejaru,Barbati_18-24
154460,Suhaia,Femei_18-24
154497,Storobaneasa,Femei_18-24
154521,Talpa,Femei_18-24
154585,Tatarastii De Jos,Femei_18-24
154665,Tatarastii De Sus,Femei_18-24
154709,Toporu,Femei_18-24
154736,Traian,Femei_18-24
154754,Trivalea-Mosteni,Femei_18-24
154790,Troianul,Femei_18-24
154834,Tiganesti,Femei_18-24
154852,Vedea,Barbati_18-24
154914,Viisoara,Femei_18-24
154932,Vartoape,Femei_18-24
154978,Zambreasca,Barbati_18-24
154996,Nenciulesti,Femei_18-24
155083,Beciu,Femei_18-24
155092,Beuca,Femei_18-24
155109,Dracea,Femei_18-24
155118,Fantanele,Barbati_18-24
155127,Frasinet,Femei_18-24
155136,Purani,Femei_18-24
155145,Saelele,Femei_18-24
155154,Uda-Clocociov,Femei_18-24
155243,Municipiul Timisoara,Femei_18-24
155261,Dumbravita,Barbati_18-24
155289,Ghiroda,Femei_18-24
155314,Giroc,Barbati_18-24
155350,Municipiul Lugoj,Femei_18-24
155403,Oras Buzias,Femei_18-24
155458,Oras Deta,Femei_18-24
155494,Oras Jimbolia,Femei_18-24
155528,Oras Sannicolau Mare,Femei_18-24
155546,Balint,Femei_18-24
155591,Banloc,Femei_18-24
155662,Bara,Femei_18-24
155724,Beba Veche,Femei_18-24
155760,Becicherecu Mic,Barbati_18-24
155797,Belint,Femei_18-24
155840,Bethausen,Femei_18-24
155911,Biled,Femei_18-24
155957,Barna,Barbati_18-24
156035,Bogda,Barbati_18-24
156106,Boldur,Barbati_18-24
156151,Brestovat,Barbati_18-24
156213,Carpinis,Femei_18-24
156259,Cenad,Femei_65_
156277,Cenei,Femei_18-24
156311,Cheveresu Mare,Femei_18-24
156357,Oras Ciacova,Femei_18-24
156437,Comlosu Mare,Femei_18-24
156473,Costeiu,Barbati_18-24
156534,Criciova,Barbati_18-24
156589,Curtea,Barbati_18-24
156623,Darova,Barbati_18-24
156669,Denta,Femei_18-24
156712,Dudestii Vechi,Barbati_18-24
156767,Dumbrava,Femei_18-24
156801,Oras Faget,Femei_18-24
156927,Fardea,Barbati_18-24
157004,Foeni,Femei_18-24
157031,Gavojdia,Barbati_18-24
157086,Oras Gataia,Femei_18-24
157193,Ghizela,Femei_18-24
157246,Giarmata,Femei_18-24
157273,Giera,Femei_18-24
157317,Giulvaz,Femei_18-24
157362,Jamu Mare,Femei_18-24
157424,Jebel,Femei_18-24
157451,Lenauheim,Barbati_18-24
157497,Liebling,Femei_18-24
157530,Lovrin,Femei_18-24
157585,Margina,Femei_18-24
157683,Masloc,Femei_18-24
157736,Manastiur,Femei_18-24
157781,Moravita,Barbati_18-24
157834,Mosnita Noua,Femei_18-24
157898,Nadrag,Femei_18-24
157923,Nitchidorf,Barbati_18-24
157969,Ohaba Lunga,Barbati_18-24
158010,Ortisoara,Barbati_18-24
158065,Peciu Nou,Barbati_18-24
158109,Periam,Femei_18-24
158136,Pietroasa,Femei_18-24
158181,Pischia,Barbati_18-24
158243,Racovita,Femei_18-24
158314,Oras Recas,Barbati_18-24
158396,Remetea Mare,Femei_18-24
158449,Sacosu Turcesc,Femei_18-24
158528,Satchinez,Femei_18-24
158564,Sacalaz,Barbati_18-24
158608,Secas,Femei_18-24
158653,Sanandrei,Femei_18-24
158699,Sanmihaiu Roman,Barbati_18-24
158733,Sanpetru Mare,Femei_18-24
158779,Sag,Barbati_18-24
158804,Stiuca,Barbati_18-24
158859,Teremia Mare,Femei_18-24
158895,Tomesti,Femei_18-24
158966,Topolovatu Mare,Femei_18-24
159035,Tormac,Femei_18-24
159071,Traian Vuia,Barbati_18-24
159142,Uivar,Barbati_18-24
159213,Varias,Femei_18-24
159259,Victor Vlad Delamarina,Femei_18-24
159339,Voiteg,Femei_18-24
159366,Birda,Femei_18-24
159375,Checea,Femei_18-24
159384,Dudestii Noi,Barbati_18-24
159393,Fibis,Femei_18-24
159400,Ghilad,Femei_18-24
159419,Gottlob,Femei_18-24
159428,Iecea Mare,Femei_18-24
159437,Parta,Femei_18-24
159446,Padureni,Femei_18-24
159455,Saravale,Barbati_18-24
159464,Sandra,Femei_18-24
159473,Tomnatic,Femei_18-24
159482,Valcani,Femei_25-34
159491,Livezile,Femei_18-24
159507,Pesac,Femei_18-24
159516,Bucovat,Barbati_18-24
159525,Otelec,Femei_18-24
159614,Municipiul Tulcea,Femei_18-24
159650,Oras Babadag,Femei_18-24
159687,Oras Isaccea,Barbati_18-24
159730,Oras Macin,Femei_18-24
159767,Oras Sulina,Femei_18-24
159785,Baia,Femei_18-24
159847,Beidaud,Barbati_18-24
159883,C.a. Rosetti,Barbati_18-24
159945,Carcaliu,Femei_18-24
159963,Casimcea,Femei_18-24
160047,Ceatalchioi,Femei_18-24
160092,Ceamurlia De Jos,Femei_18-24
160127,Cerna,Femei_18-24
160172,Chilia Veche,Femei_18-24
160225,Ciucurova,Femei_25-34
160261,Crisan,Femei_18-24
160305,Daeni,Barbati_18-24
160323,Dorobantu,Femei_18-24
160387,Frecatei,Femei_18-24
160430,Greci,Femei_18-24
160458,Grindu,Barbati_18-24
160476,Hamcearca,Barbati_18-24
160528,Horia,Femei_18-24
160564,Izvoarele,Femei_18-24
160617,Jijila,Femei_18-24
160644,Jurilovca,Femei_18-24
160680,Luncavita,Femei_18-24
160724,Mahmudia,Barbati_18-24
160779,Maliuc,Barbati_18-24
160831,Mihai Bravu,Femei_18-24
160877,Mihail Kogalniceanu,Femei_18-24
160911,Murighiol,Barbati_18-24
160993,Nalbant,Femei_18-24
161035,Niculitel,Barbati_18-24
161053,Nufaru,Femei_18-24
161106,Ostrov,Femei_18-24
161133,Pardina,Femei_65_
161151,Peceneaga,Barbati_18-24
161179,Sarichioi,Femei_18-24
161231,Sfantu Gheorghe,Femei_18-24
161259,Slava Cercheza,Femei_18-24
161286,Smardan,Barbati_18-24
161302,Somova,Barbati_18-24
161348,Stejaru,Femei_18-24
161384,Topolog,Femei_18-24
161464,Turcoaia,Femei_18-24
161482,Valea Nucarilor,Femei_18-24
161525,I.c.bratianu,Barbati_18-24
161543,Vacareni,Femei_25-34
161552,Bestepe,Femei_18-24
161561,Valea Teilor,Femei_18-24
161794,Municipiul Barlad,Femei_18-24
161829,Municipiul Husi,Femei_18-24
161856,Oras Negresti,Femei_18-24
161945,Municipiul Vaslui,Femei_18-24
162014,Albesti,Femei_25-34
162069,Alexandru Vlahuta,Barbati_18-24
162149,Arsura,Barbati_18-24
162194,Banca,Femei_18-24
162327,Bacani,Femei_18-24
162381,Bacesti,Femei_25-34
162452,Balteni,Femei_18-24
162498,Berezeni,Femei_18-24
162559,Blagesti,Femei_25-34
162595,Bogdana,Femei_25-34
162693,Bogdanesti,Femei_18-24
162791,Bogdanita,Femei_25-34
162871,Botesti,Femei_18-24
162924,Bunesti-Averesti,Femei_18-24
163002,Codaesti,Femei_18-24
163057,Coroiesti,Femei_18-24
163137,Costesti,Femei_18-24
163208,Cretesti,Femei_18-24
163253,Danesti,Femei_25-34
163324,Deleni,Femei_18-24
163379,Delesti,Femei_18-24
163486,Dragomiresti,Femei_25-34
163618,Dranceni,Femei_18-24
163681,Duda-Epureni,Barbati_18-24
163734,Dumesti,Femei_18-24
163789,Epureni,Barbati_18-24
163832,Falciu,Barbati_18-24
163903,Gagesti,Femei_25-34
163967,Gherghesti,Femei_18-24
164062,Garceni,Femei_18-24
164133,Grivita,Femei_18-24
164197,Hoceni,Femei_25-34
164277,Dimitrie Cantemir,Femei_18-24
164339,Iana,Femei_18-24
164393,Ivanesti,Femei_25-34
164543,Ivesti,Femei_25-34
164598,Laza,Femei_18-24
164687,Lipovat,Barbati_25-34
164749,Lunca Banului,Femei_18-24
164829,Malusteni,Femei_18-24
164892,Miclesti,Barbati_18-24
164936,Muntenii De Jos,Femei_18-24
164981,Oras Murgeni,Femei_18-24
165069,Oltenesti,Femei_25-34
165130,Osesti,Femei_18-24
165185,Padureni,Femei_18-24
165274,Perieni,Femei_18-24
165336,Poienesti,Femei_18-24
165416,Pogana,Barbati_18-24
165470,Puiesti,Barbati_18-24
165611,Pungesti,Femei_25-34
165719,Rebricea,Femei_18-24
165817,Rosiesti,Femei_18-24
165899,Solesti,Femei_18-24
165979,Stanilesti,Femei_18-24
166057,Stefan Cel Mare,Femei_18-24
166137,Suletea,Femei_25-34
166182,Tanacu,Femei_25-34
166235,Tacuta,Femei_25-34
166315,Tatarani,Femei_18-24
166413,Todiresti,Femei_25-34
166529,Tutova,Barbati_18-24
166636,Valeni,Barbati_18-24
166672,Vetrisoaia,Barbati_18-24
166707,Viisoara,Femei_25-34
166770,Vinderei,Femei_18-24
166869,Voinesti,Femei_18-24
166985,Vulturesti,Barbati_18-24
167035,Vutcani,Barbati_18-24
167071,Zapodeni,Femei_25-34
167179,Zorleni,Femei_18-24
167222,Ibanesti,Femei_25-34
167231,Fruntiseni,Femei_18-24
167240,Rafaila,Femei_18-24
167259,Pogonesti,Femei_18-24
167268,Ciocani,Femei_18-24
167277,Cozmesti,Femei_18-24
167286,Dodesti,Femei_18-24
167295,Feresti,Femei_18-24
167302,Muntenii De Sus,Barbati_25-34
167311,Pochidia,Barbati_25-34
167320,Puscasi,Femei_18-24
167473,Municipiul Ramnicu Valcea,Femei_18-24
167641,Oras Baile Govora,Femei_18-24
167696,Oras Baile Olanesti,Barbati_18-24
167794,Oras Brezoi,Barbati_18-24
167909,Oras Calimanesti,Barbati_18-24
167981,Municipiul Dragasani,Femei_18-24
168041,Oras Horezu,Femei_18-24
168130,Oras Ocnele Mari,Femei_18-24
168229,Alunu,Femei_25-34
168309,Amarasti,Barbati_18-24
168372,Oras Babeni,Femei_18-24
168452,Oras Balcesti,Femei_18-24
168559,Barbatesti,Barbati_18-24
168602,Oras Berbesti,Femei_18-24
168675,Berislavesti,Femei_18-24
168755,Boisoara,Femei_18-24
168791,Budesti,Femei_18-24
168880,Bujoreni,Femei_18-24
168960,Bunesti,Femei_18-24
169039,Cernisoara,Femei_18-24
169119,Caineni,Femei_18-24
169182,Copaceni,Femei_18-24
169253,Costesti,Barbati_18-24
169306,Creteni,Femei_25-34
169351,Daesti,Barbati_18-24
169404,Danicei,Femei_18-24
169547,Dragoesti,Femei_18-24
169583,Fauresti,Femei_18-24
169681,Fartatesti,Barbati_18-24
169896,Francesti,Femei_18-24
169994,Galicea,Femei_18-24
170097,Ghioroiu,Femei_18-24
170168,Glavile,Barbati_18-24
170220,Golesti,Femei_18-24
170346,Gradistea,Barbati_18-24
170444,Gusoeni,Femei_18-24
170514,Ionesti,Femei_18-24
170612,Lalosu,Femei_18-24
170685,Ladesti,Femei_18-24
170792,Lapusata,Barbati_18-24
170872,Livezi,Barbati_18-24
170952,Lungesti,Femei_18-24
171021,Malaia,Femei_18-24
171067,Mateesti,Barbati_18-24
171101,Maciuca,Femei_18-24
171209,Madulari,Femei_18-24
171272,Maldaresti,Barbati_18-24
171325,Mihaesti,Barbati_18-24
171469,Milcoiu,Femei_18-24
171539,Muereasca,Femei_18-24
171628,Nicolae Balcescu,Femei_18-24
171806,Olanu,Femei_18-24
171879,Orlesti,Femei_25-34
171931,Otesani,Femei_18-24
171995,Pausesti,Femei_18-24
172082,Pausesti-Maglasi,Femei_18-24
172153,Perisani,Femei_18-24
172279,Pesceana,Femei_25-34
172340,Pietrari,Femei_18-24
172377,Popesti,Barbati_18-24
172457,Prundeni,Femei_18-24
172509,Racovita,Barbati_18-24
172581,Roesti,Femei_18-24
172698,Rosiile,Barbati_18-24
172812,Runcu,Barbati_18-24
172894,Salatrucel,Femei_25-34
172947,Scundu,Barbati_18-24
172992,Sinesti,Barbati_18-24
173061,Slatioara,Barbati_18-24
173132,Stanesti,Femei_18-24
173230,Stoenesti,Femei_18-24
173374,Stoilesti,Femei_18-24
173533,Stroesti,Femei_18-24
173597,Sutesti,Femei_18-24
173686,Sirineasa,Femei_18-24
173748,Stefanesti,Barbati_18-24
173793,Susani,Femei_18-24
173855,Tetoiu,Femei_18-24
173935,Tomsani,Barbati_18-24
174021,Vaideeni,Barbati_18-24
174085,Valea Mare,Femei_18-24
174156,Vladesti,Femei_18-24
174218,Voicesti,Femei_18-24
174254,Voineasa,Barbati_18-24
174290,Zatreni,Barbati_18-24
174496,Titesti,Femei_18-24
174502,Diculesti,Femei_18-24
174511,Lacusteni,Barbati_18-24
174520,Mitrofani,Femei_18-24
174744,Municipiul Focsani,Femei_18-24
174780,Campineanca,Barbati_18-24
174824,Golesti,Femei_18-24
174860,Municipiul Adjud,Femei_18-24
174922,Oras Marasesti,Femei_18-24
175019,Oras Odobesti,Barbati_18-24
175055,Oras Panciu,Barbati_18-24
175126,Andreiasu De Jos,Femei_18-24
175206,Balesti,Femei_18-24
175224,Barsesti,Barbati_18-24
175260,Boghesti,Femei_18-24
175368,Bolotesti,Femei_18-24
175439,Bordesti,Femei_18-24
175466,Brosteni,Barbati_18-24
175509,Chiojdeni,Femei_18-24
175590,Ciorasti,Femei_18-24
175670,Campuri,Femei_18-24
175732,Carligele,Femei_18-24
175787,Corbita,Barbati_18-24
175885,Cotesti,Femei_18-24
175938,Dumbraveni,Femei_18-24
175983,Dumitresti,Femei_18-24
176150,Fitionesti,Barbati_18-24
176212,Garoafa,Barbati_18-24
176301,Gugesti,Barbati_18-24
176338,Gura Calitei,Femei_18-24
176445,Homocea,Femei_18-24
176506,Jaristea,Femei_18-24
176551,Jitia,Femei_25-34
176613,Maicanesti,Femei_18-24
176686,Mera,Femei_18-24
176748,Milcovul,Barbati_18-24
176793,Movilita,Barbati_18-24
176855,Nanesti,Barbati_18-24
176891,Naruja,Femei_18-24
176944,Nereju,Barbati_18-24
177003,Nistoresti,Femei_18-24
177101,Paltin,Barbati_18-24
177236,Paunesti,Femei_18-24
177263,Poiana Cristei,Femei_18-24
177352,Pufesti,Femei_18-24
177405,Racoasa,Femei_18-24
177469,Reghiu,Barbati_18-24
177557,Ruginesti,Barbati_18-24
177600,Sihlea,Barbati_18-24
177655,Slobozia Bradului,Femei_18-24
177726,Slobozia Ciorasti,Barbati_18-24
177762,Soveja,Femei_18-24
177799,Straoane,Femei_18-24
177842,Suraia,Barbati_18-24
177879,Tanasoaia,Barbati_18-24
177986,Tataranu,Femei_18-24
178046,Tamboesti,Barbati_18-24
178117,Tulnici,Femei_18-24
178180,Tifesti,Femei_18-24
178279,Urechesti,Femei_18-24
178313,Valea Sarii,Barbati_18-24
178377,Vidra,Femei_18-24
178475,Vintileasca,Barbati_25-34
178545,Vizantea-Livezi,Femei_18-24
178607,Vanatori,Femei_18-24
178689,Vartescoiu,Barbati_18-24
178750,Vrancioaia,Femei_18-24
178821,Vulturu,Barbati_18-24
178885,Negrilesti,Femei_18-24
178894,Ploscuteni,Femei_18-24
178901,Popesti,Femei_18-24
178910,Paulesti,Femei_18-24
178929,Biliesti,Femei_18-24
178938,Gologanu,Femei_18-24
178947,Obrejita,Barbati_18-24
178956,Rastoaca,Barbati_18-24
178965,Spulber,Femei_18-24
179132,Municipiul Bucuresti,Femei_18-24
179221,Oras Bragadiru,Barbati_18-24
179249,Chiajna,Barbati_18-24
179285,Oras Chitila,Femei_18-24
179310,Dobroesti,Femei_18-24
179347,Glina,Femei_18-24
179383,Jilava,Femei_18-24
179409,Oras Magurele,Femei_18-24
179463,Mogosoaia,Barbati_18-24
179481,Oras Otopeni,Femei_18-24
179515,Oras Pantelimon,Femei_18-24
179533,Oras Popesti Leordeni,Femei_18-24
179551,Oras Voluntari,Femei_18-24
179588,Copaceni,Barbati_18-24
179604,Poienile Izei,Femei_18-24
179613,Sieu,Barbati_18-24
179622,Grosii Tiblesului,Barbati_18-24
179631,Treznea,Femei_18-24
179640,Vulcana-Pandele,Femei_18-24
179659,Negrilesti,Femei_18-24
179677,Camin,Barbati_18-24
179686,Dumitrita,Femei_18-24
179695,Simisna,Barbati_18-24
179702,Traian,Femei_18-24
179711,Vladeni,Femei_18-24
179720,Poiana Ilvei,Femei_25-34
179739,Malu,Femei_18-24
179748,Cosoba,Barbati_18-24
179757,Herasti,Barbati_18-24
179766,Isvoarele,Femei_25-34
179775,Sabareni,Barbati_18-24
179784,Boranesti,Femei_18-24
179793,Buesti,Barbati_18-24
179800,Maia,Femei_18-24
179819,Ograda,Femei_18-24
179828,Rosiori,Femei_25-34
179837,Coas,Barbati_18-24
179846,Coltau,Femei_18-24
179855,Gardani,Femei_18-24
179864,Oncesti,Femei_18-24
179873,Agris,Femei_25-34
179882,Ciumesti,Femei_18-24
179891,Raciu,Femei_18-24
179908,Pietrari,Femei_18-24
179917,Rau Alb,Femei_18-24
179926,Rascaeti,Femei_18-24
179935,Persinari,Femei_18-24
179944,Runcu Salvei,Femei_18-24
179953,Ciceu- Mihaiesti,Barbati_18-24
179962,Galbinasi,Femei_65_
179971,Colelia,Femei_25-34
179980,Marculesti,Femei_18-24
179999,Moldoveni,Femei_18-24
180000,Platonesti,Femei_18-24
180019,Sarateni,Femei_18-24
180028,Porumbesti,Femei_18-24
180037,Boghis,Femei_18-24
180046,Gura Ialomitei,Femei_18-24
180055,Crivat,Femei_18-24
180064,Barbulesti,Femei_65_
180091,Racsa,Barbati_18-24
